rc_11,rc_14,rc_15,rc_26,rc_37,profit
0.6,0.6,0.5,0.6,0.5,30.206442735761332
0.425,0.77,0.639,0.559,0.294,24.958788434460768
0.294,0.235,0.72,0.561,0.625,16.992694040809678
0.212,0.782,0.699,0.327,0.309,17.643660570311813
0.31,0.383,0.515,0.459,0.375,22.395600815611488
0.567,0.284,0.375,0.42,0.474,18.355822868625395
0.671,0.32,0.509,0.555,0.228,15.953882537748937
0.565,0.302,0.239,0.769,0.779,19.93268030117521
0.685,0.383,0.259,0.611,0.464,19.33435471341609
0.273,0.497,0.221,0.746,0.355,16.68762358496503
0.598,0.387,0.512,0.528,0.311,21.313629859589472
0.782,0.665,0.764,0.737,0.559,36.74002189836259
0.753,0.253,0.318,0.227,0.395,14.0995870630099
0.433,0.363,0.697,0.414,0.369,22.125343411318656
0.526,0.285,0.681,0.245,0.792,15.685596929346787
0.663,0.319,0.203,0.689,0.624,17.9580766005403
0.637,0.663,0.244,0.415,0.27,15.832606289194226
0.718,0.574,0.399,0.238,0.387,17.429718847001702
0.395,0.638,0.583,0.732,0.483,30.861634990386158
0.272,0.628,0.656,0.537,0.663,29.380846949127708
0.496,0.514,0.457,0.215,0.265,15.423435933141805
0.219,0.582,0.389,0.505,0.745,23.03334074634739
0.35,0.446,0.653,0.337,0.246,19.125896487217155
0.374,0.297,0.758,0.685,0.58,20.25137053124841
0.723,0.682,0.312,0.736,0.524,27.34573495691469
0.684,0.738,0.391,0.266,0.337,20.400583830475224
0.456,0.691,0.716,0.204,0.506,20.398892907289994
0.45,0.333,0.272,0.403,0.766,18.72922676051614
0.394,0.511,0.622,0.418,0.783,27.089845102935914
0.777,0.351,0.498,0.381,0.371,21.7086769656502
0.222,0.566,0.502,0.231,0.367,17.36516344267996
0.745,0.344,0.287,0.494,0.791,23.740410400232836
0.345,0.603,0.657,0.343,0.637,24.669943121577926
0.421,0.579,0.58,0.521,0.254,24.53106059781926
0.701,0.392,0.312,0.224,0.555,15.824575027356158
0.607,0.21,0.507,0.336,0.587,17.411025742165407
0.305,0.615,0.432,0.762,0.283,21.345507980596977
0.405,0.268,0.755,0.726,0.355,16.961226297827505
0.596,0.69,0.533,0.518,0.345,25.802717147995132
0.256,0.738,0.74,0.58,0.403,25.685959541062115
0.41,0.636,0.738,0.732,0.668,34.94153227996032
0.585,0.25,0.297,0.739,0.564,17.286903356570203
0.206,0.261,0.598,0.203,0.296,13.58029607739185
0.529,0.615,0.591,0.335,0.627,24.487781356066822
0.342,0.395,0.648,0.59,0.71,28.32149306466492
0.595,0.541,0.256,0.421,0.359,20.136502343963127
0.346,0.784,0.436,0.735,0.579,27.59314237946766
0.677,0.502,0.546,0.496,0.317,24.161142616625018
0.633,0.368,0.215,0.587,0.306,16.98734590366744
0.764,0.772,0.749,0.422,0.209,24.43626779979581
0.757,0.457,0.78,0.778,0.712,31.80646871915497
0.377,0.431,0.711,0.39,0.302,21.61522395879608
0.534,0.762,0.618,0.542,0.258,25.888498110100187
0.569,0.794,0.284,0.511,0.726,30.438321037595248
0.644,0.618,0.621,0.416,0.376,27.357495860824372
0.686,0.686,0.72,0.748,0.507,42.92987067584611
0.501,0.679,0.59,0.621,0.677,36.76898570097174
0.734,0.403,0.425,0.256,0.547,18.0919657149597
0.222,0.479,0.526,0.372,0.554,22.12459069302214
0.218,0.222,0.694,0.416,0.276,14.13595219176492
0.513,0.662,0.329,0.574,0.251,20.15646543317716
0.231,0.519,0.524,0.582,0.636,27.847366611457367
0.786,0.51,0.394,0.677,0.362,24.746596216076924
0.463,0.247,0.215,0.778,0.702,17.002771002269757
0.618,0.445,0.304,0.294,0.35,19.768404439790952
0.53,0.629,0.596,0.368,0.773,25.333619632337108
0.643,0.533,0.567,0.452,0.349,32.30276119565308
0.414,0.655,0.209,0.27,0.228,16.562950926886586
0.224,0.713,0.622,0.485,0.259,18.15348335722253
0.495,0.484,0.304,0.46,0.439,23.444665441833966
0.57,0.581,0.227,0.425,0.576,22.373096507522437
0.502,0.714,0.595,0.298,0.242,20.34209488593078
0.585,0.216,0.551,0.764,0.545,15.8439993256833
0.433,0.586,0.475,0.527,0.765,29.906777997610423
0.432,0.777,0.743,0.317,0.242,20.42935413068291
0.26,0.211,0.257,0.61,0.243,12.52788555569977
0.391,0.707,0.214,0.689,0.369,17.931845285037525
0.271,0.618,0.577,0.726,0.641,26.554656178245658
0.682,0.369,0.306,0.65,0.684,22.79866090685766
0.794,0.448,0.423,0.666,0.404,31.255098108582175
0.758,0.715,0.457,0.651,0.653,38.65262198988342
0.262,0.742,0.503,0.696,0.392,20.317024543902644
0.737,0.434,0.207,0.743,0.255,15.952533125029406
0.392,0.77,0.77,0.544,0.579,30.677455453169735
0.469,0.376,0.397,0.604,0.651,26.66326104588364
0.675,0.674,0.255,0.497,0.235,18.539836285487514
0.53,0.465,0.733,0.411,0.27,22.96115800411783
0.286,0.657,0.571,0.261,0.25,17.84276590153846
0.621,0.244,0.693,0.624,0.249,14.824244664597831
0.251,0.792,0.425,0.422,0.688,22.666647267537446
0.768,0.792,0.652,0.426,0.25,25.712221291781283
0.666,0.535,0.455,0.744,0.267,20.503136909321327
0.496,0.207,0.481,0.234,0.271,13.297322016521857
0.271,0.59,0.648,0.55,0.777,27.79722785729468
0.425,0.371,0.721,0.334,0.778,24.541251278704134
0.207,0.782,0.226,0.735,0.517,21.320340455024546
0.796,0.244,0.532,0.782,0.514,18.226598614298048
0.578,0.617,0.473,0.577,0.551,30.675976872408018
0.741,0.227,0.369,0.77,0.734,28.260383629526178
0.473,0.572,0.366,0.313,0.478,26.48695034124381
0.412,0.55,0.247,0.785,0.792,26.23950020169293
0.619,0.522,0.386,0.688,0.611,30.332684763030667
0.298,0.747,0.694,0.77,0.635,30.170817359907925
0.568,0.451,0.76,0.72,0.227,18.700242625170077
0.216,0.426,0.686,0.792,0.29,16.900252159363518
0.556,0.429,0.782,0.705,0.703,31.105016484667512
0.481,0.449,0.364,0.234,0.719,16.945862473557924
0.688,0.8,0.798,0.533,0.661,38.7254985103866
0.767,0.71,0.348,0.47,0.277,30.320322027158564
0.772,0.564,0.337,0.603,0.571,31.39485180324122
0.415,0.268,0.603,0.512,0.663,20.14704563816429
0.512,0.711,0.531,0.537,0.726,33.17359041401501
0.442,0.28,0.217,0.653,0.572,17.001713013215454
0.622,0.328,0.282,0.209,0.41,14.387635085125883
0.554,0.435,0.462,0.742,0.409,24.63337521682214
0.508,0.67,0.438,0.573,0.717,35.31604260873403
0.77,0.288,0.756,0.495,0.355,18.4239575305131
0.475,0.788,0.496,0.397,0.58,27.67595564370817
0.344,0.246,0.277,0.277,0.291,14.654262893840365
0.283,0.585,0.309,0.407,0.738,25.620230126598994
0.484,0.601,0.303,0.315,0.225,17.06045457267029
0.301,0.367,0.306,0.253,0.272,16.539354204754943
0.476,0.324,0.419,0.502,0.614,24.97611681374458
0.224,0.68,0.577,0.249,0.724,22.234412922016006
0.753,0.237,0.366,0.684,0.649,17.265381025442075
0.311,0.326,0.422,0.491,0.571,21.576193412086916
0.421,0.478,0.648,0.222,0.351,18.02353242980202
0.628,0.737,0.507,0.519,0.264,30.604821995827272
0.468,0.52,0.345,0.362,0.426,22.956977299550758
0.212,0.393,0.327,0.396,0.272,15.405095533999857
0.734,0.556,0.607,0.674,0.499,31.85004847340523
0.252,0.522,0.552,0.647,0.459,23.08179881866369
0.277,0.37,0.418,0.588,0.542,24.4760717796116
0.414,0.792,0.563,0.342,0.261,20.689778119377525
0.292,0.348,0.296,0.312,0.371,18.06460143859307
0.304,0.738,0.248,0.515,0.446,20.090798795315187
0.789,0.267,0.439,0.782,0.719,19.708524746157657
0.69,0.355,0.303,0.601,0.758,32.698590957631126
0.534,0.543,0.368,0.662,0.312,21.548392740418123
0.394,0.455,0.505,0.345,0.269,19.80413550388347
0.566,0.373,0.549,0.293,0.489,21.15689788669997
0.52,0.231,0.402,0.281,0.238,15.551928874034441
0.794,0.393,0.686,0.353,0.609,22.895730892999207
0.656,0.557,0.483,0.447,0.409,27.975806706518174
0.758,0.698,0.779,0.275,0.639,22.498433813014852
0.763,0.309,0.24,0.645,0.545,20.35123281982279
0.705,0.284,0.677,0.321,0.298,18.164742336459664
0.299,0.689,0.599,0.514,0.415,23.636586859044694
0.726,0.435,0.69,0.463,0.426,26.62578342346546
0.478,0.381,0.649,0.502,0.339,21.66802069240767
0.74,0.43,0.526,0.744,0.575,27.780229203856038
0.27,0.764,0.577,0.401,0.284,21.449169336773014
0.676,0.572,0.52,0.736,0.673,35.890107427640274
0.291,0.387,0.349,0.646,0.22,15.807375101309834
0.542,0.657,0.726,0.405,0.693,31.71900732872381
0.266,0.708,0.276,0.438,0.678,23.485000865323904
0.29,0.338,0.633,0.632,0.585,21.31539009728135
0.616,0.526,0.351,0.407,0.309,21.498850581494278
0.745,0.55,0.441,0.477,0.768,31.191210363007688
0.292,0.552,0.504,0.567,0.211,18.12611339213858
0.723,0.759,0.539,0.618,0.753,38.199401495094605
0.624,0.292,0.546,0.564,0.454,19.99585518790098
0.642,0.761,0.755,0.471,0.268,27.939929499922727
0.791,0.703,0.275,0.753,0.722,31.774607504349753
0.511,0.555,0.439,0.233,0.401,18.08253608238679
0.682,0.203,0.4,0.439,0.522,15.910964456082644
0.752,0.408,0.408,0.643,0.471,25.02845473962423
0.335,0.471,0.285,0.306,0.499,18.91848796409849
0.451,0.749,0.417,0.548,0.579,34.45499430191618
0.208,0.598,0.307,0.777,0.289,17.432910151910797
0.449,0.251,0.798,0.501,0.557,22.680259795028352
0.24,0.65,0.326,0.739,0.323,16.869678790824718
0.314,0.222,0.483,0.539,0.239,13.501230174588905
0.665,0.472,0.515,0.464,0.44,26.751422070941853
0.536,0.293,0.309,0.717,0.768,20.889279735132547
0.424,0.362,0.586,0.445,0.215,17.833999619319364
0.294,0.63,0.595,0.216,0.333,16.933741926412097
0.339,0.603,0.212,0.262,0.68,15.04097790832272
0.307,0.592,0.343,0.26,0.346,17.412939021754752
0.633,0.713,0.698,0.438,0.601,31.21465675119808
0.323,0.376,0.738,0.208,0.251,15.683441704542844
0.325,0.216,0.309,0.55,0.453,14.464403689446385
0.736,0.69,0.405,0.356,0.428,25.89134134803192
0.554,0.361,0.574,0.446,0.531,24.56303601602989
0.462,0.377,0.769,0.658,0.284,22.427587487769614
0.721,0.492,0.737,0.68,0.455,29.890623830315985
0.213,0.361,0.525,0.58,0.355,19.369333023613947
0.284,0.701,0.791,0.515,0.303,22.70127747524343
0.363,0.211,0.749,0.271,0.546,13.950500923480988
0.364,0.533,0.591,0.698,0.324,22.761948646672792
0.207,0.282,0.74,0.724,0.558,18.14967387418555
0.56,0.599,0.305,0.749,0.451,25.57712968255314
0.43,0.511,0.228,0.3,0.643,21.247551963758745
0.25,0.562,0.347,0.434,0.373,19.273896482031045
0.413,0.631,0.378,0.54,0.486,26.929860088029773
0.598,0.762,0.64,0.329,0.219,21.140969989529502
0.357,0.557,0.231,0.498,0.558,17.66317149122079
0.401,0.663,0.264,0.245,0.637,18.741102973988713
0.497,0.613,0.461,0.348,0.691,23.626141723024137
0.68,0.617,0.363,0.554,0.417,25.079794156980793
0.255,0.75,0.282,0.77,0.468,19.90549793304584
0.311,0.525,0.724,0.639,0.684,28.188782351007305
0.595,0.615,0.71,0.35,0.494,24.758352927965326
0.333,0.793,0.766,0.224,0.623,20.49599673978005
0.755,0.308,0.541,0.749,0.22,16.239500270983548
0.618,0.378,0.755,0.783,0.767,26.602323034181644
0.485,0.717,0.707,0.391,0.697,27.900020585299167
0.222,0.558,0.338,0.272,0.246,16.240845338040174
0.618,0.404,0.635,0.239,0.389,17.790507636126623
0.524,0.674,0.391,0.576,0.732,33.68193950728124
0.57,0.34,0.215,0.722,0.213,14.048143125038608
0.725,0.517,0.763,0.679,0.799,34.12887339466958
0.41,0.66,0.441,0.488,0.577,29.134138437262266
0.724,0.79,0.661,0.451,0.453,30.740265771565944
0.643,0.343,0.266,0.413,0.372,22.129790470921733
0.378,0.34,0.225,0.211,0.793,14.658247465126834
0.457,0.431,0.608,0.331,0.77,22.764608594394556
0.672,0.254,0.451,0.727,0.767,19.31535604145971
0.48,0.568,0.3,0.795,0.339,23.851288788446556
0.766,0.59,0.565,0.508,0.338,26.3340873383599
0.306,0.332,0.312,0.668,0.41,19.26276274959838
0.235,0.781,0.73,0.757,0.797,35.088300306945776
0.304,0.438,0.655,0.618,0.292,21.51525972997107
0.689,0.335,0.334,0.522,0.556,21.653853157761308
0.548,0.255,0.726,0.359,0.278,15.81237346454105
0.733,0.773,0.717,0.686,0.593,40.23719698431855
0.531,0.252,0.445,0.424,0.356,17.143072846067113
0.634,0.498,0.249,0.332,0.61,18.100260517361637
0.246,0.711,0.497,0.488,0.555,26.30596403820305
0.695,0.409,0.607,0.539,0.36,23.67964815980796
0.727,0.678,0.595,0.71,0.72,41.04914834064716
0.625,0.702,0.618,0.608,0.571,35.74660647660642
0.652,0.295,0.729,0.723,0.218,17.790391602573738
0.695,0.277,0.401,0.646,0.296,16.651065657027527
0.691,0.699,0.504,0.204,0.372,20.404597862104325
0.57,0.789,0.579,0.356,0.58,25.905856468783057
0.524,0.668,0.264,0.657,0.525,24.77188972829088
0.778,0.405,0.58,0.759,0.262,20.7771352377498
0.762,0.613,0.241,0.381,0.625,22.51916776820546
0.24,0.549,0.408,0.573,0.227,15.104494040495288
0.723,0.784,0.781,0.65,0.278,30.361687754183464
0.655,0.215,0.213,0.394,0.493,14.524327224813213
0.662,0.61,0.468,0.364,0.798,25.80560898905914
0.456,0.471,0.298,0.677,0.616,23.912045524102822
0.332,0.249,0.608,0.593,0.364,16.121078522871816
0.771,0.291,0.459,0.766,0.452,19.17664497157929
0.583,0.439,0.365,0.79,0.446,25.372680763362702
0.736,0.338,0.328,0.219,0.591,15.094682723832483
0.421,0.719,0.484,0.781,0.311,24.74313849667351
0.721,0.666,0.663,0.707,0.657,41.21007608654652
0.576,0.279,0.22,0.753,0.57,17.369511798777474
0.678,0.489,0.27,0.275,0.611,17.91543446524753
0.458,0.32,0.495,0.239,0.549,16.677529542827212
0.361,0.679,0.386,0.473,0.207,19.265163124598143
0.243,0.435,0.488,0.56,0.375,22.11037380697153
0.617,0.716,0.668,0.224,0.488,20.98929976559802
0.263,0.345,0.792,0.285,0.499,17.909773643729096
0.571,0.621,0.536,0.206,0.396,16.666728594075735
0.511,0.253,0.41,0.22,0.247,15.213137212809807
0.438,0.28,0.541,0.614,0.68,20.224991875179548
0.32,0.3,0.263,0.582,0.624,19.357239254794504
0.219,0.762,0.231,0.525,0.625,23.579544446873882
0.723,0.628,0.681,0.404,0.689,29.600352108676887
0.248,0.737,0.529,0.69,0.471,23.290779770501565
0.586,0.516,0.639,0.249,0.236,18.071470437197643
0.348,0.296,0.723,0.332,0.786,19.756118018670087
0.402,0.309,0.674,0.595,0.499,20.45023087454238
0.533,0.632,0.337,0.798,0.785,39.02791278297664
0.59,0.32,0.608,0.243,0.218,15.310850552307429
0.355,0.478,0.721,0.636,0.646,28.910851951355106
0.455,0.408,0.423,0.793,0.224,18.27185483964801
0.72,0.547,0.463,0.635,0.492,28.391578214712208
0.724,0.74,0.453,0.366,0.555,27.568282227227726
0.747,0.326,0.574,0.579,0.64,23.071526153109673
0.279,0.629,0.745,0.308,0.343,20.33851568332561
0.783,0.309,0.713,0.495,0.348,19.529154581894037
0.722,0.467,0.509,0.416,0.556,26.97423099962102
0.298,0.435,0.782,0.355,0.594,22.12278345722429
0.395,0.664,0.279,0.782,0.472,26.924294251072237
0.342,0.244,0.302,0.512,0.402,19.157838383837564
0.697,0.459,0.349,0.57,0.624,28.869335334887356
0.3,0.301,0.222,0.642,0.598,18.094600203007037
0.485,0.707,0.683,0.551,0.721,37.18008509879718
0.324,0.267,0.362,0.234,0.519,14.86775940636584
0.762,0.224,0.273,0.471,0.76,17.473991590110323
0.39,0.504,0.225,0.289,0.792,18.54296810370272
0.779,0.203,0.771,0.583,0.721,17.15136155622252
0.473,0.509,0.493,0.6,0.284,25.195788843097255
0.218,0.385,0.623,0.321,0.604,21.0956503283217
0.782,0.256,0.604,0.466,0.721,18.30164491192527
0.306,0.616,0.703,0.767,0.61,29.846589947822956
0.498,0.571,0.721,0.542,0.218,23.970007278747136
0.759,0.614,0.606,0.329,0.595,24.23186637924171
0.436,0.591,0.264,0.595,0.8,29.8526125844838
0.229,0.786,0.444,0.722,0.669,23.25911631205103
0.54,0.643,0.727,0.442,0.396,30.387226050092156
0.601,0.685,0.657,0.679,0.461,32.16290304956221
0.691,0.272,0.527,0.203,0.395,14.184328213573318
0.42,0.438,0.617,0.433,0.469,26.165753456068632
0.343,0.424,0.336,0.244,0.562,17.490140101797092
0.601,0.572,0.478,0.428,0.718,28.384335652289725
0.511,0.488,0.215,0.405,0.428,20.483743842364042
0.439,0.548,0.52,0.565,0.659,30.987484438392286
0.688,0.631,0.773,0.211,0.317,17.04826922247137
0.205,0.588,0.739,0.346,0.756,19.10624462239264
0.236,0.761,0.411,0.261,0.492,20.03138949392778
0.354,0.371,0.384,0.682,0.523,24.542830763955894
0.387,0.566,0.63,0.364,0.448,24.59372397504741
0.273,0.309,0.609,0.309,0.515,18.309767048888276
0.625,0.264,0.54,0.354,0.778,17.975411044634686
0.49,0.684,0.53,0.226,0.58,19.076487258871985
0.771,0.561,0.692,0.731,0.337,25.0406202728665
0.327,0.567,0.447,0.704,0.74,28.679895652587504
0.412,0.342,0.668,0.365,0.694,21.591304054955735
0.454,0.601,0.257,0.574,0.471,22.456840101721173
0.552,0.301,0.642,0.718,0.33,19.034516316013153
0.257,0.214,0.585,0.564,0.528,16.010009029479445
0.339,0.435,0.557,0.498,0.793,26.103766800216114
0.282,0.617,0.443,0.457,0.631,22.95066311733105
0.615,0.795,0.277,0.262,0.635,17.298338666043907
0.547,0.364,0.248,0.251,0.737,16.936283542131
0.315,0.394,0.336,0.413,0.242,17.33961040636961
0.511,0.241,0.68,0.34,0.524,22.040444912807377
0.728,0.591,0.52,0.395,0.4,26.240281054423747
0.602,0.796,0.597,0.535,0.638,35.78714189255714
0.479,0.236,0.537,0.775,0.305,15.424024658609516
0.614,0.321,0.521,0.258,0.47,24.15391685871113
0.654,0.409,0.599,0.677,0.756,28.28935691323567
0.341,0.44,0.291,0.795,0.756,25.062923056630844
0.524,0.705,0.513,0.574,0.253,24.39777503674308
0.653,0.277,0.696,0.669,0.625,21.48189096752126
0.222,0.382,0.358,0.416,0.253,16.57488639640005
0.762,0.532,0.383,0.438,0.468,25.44850895273405
0.56,0.509,0.752,0.498,0.795,31.731339534119382
0.711,0.325,0.758,0.27,0.69,18.356575696462034
0.428,0.727,0.721,0.684,0.674,34.02894512582674
0.383,0.249,0.442,0.304,0.617,16.04246424444746
0.408,0.785,0.585,0.693,0.28,24.9290735588304
0.717,0.754,0.492,0.564,0.659,35.25449832140658
0.305,0.502,0.439,0.288,0.421,19.57484938304383
0.241,0.215,0.281,0.778,0.53,15.72956460764182
0.779,0.459,0.387,0.504,0.464,25.57041541884385
0.263,0.584,0.33,0.572,0.59,25.710742433394
0.291,0.237,0.668,0.476,0.235,15.18668208885915
0.797,0.235,0.617,0.79,0.344,15.505855592881758
0.285,0.273,0.382,0.261,0.615,16.348221652148865
0.237,0.506,0.798,0.688,0.569,24.456522136350685
0.384,0.574,0.516,0.456,0.278,21.71311140096361
0.732,0.47,0.317,0.421,0.448,25.678596061889998
0.697,0.64,0.662,0.207,0.45,18.56741304677987
0.489,0.212,0.356,0.656,0.282,13.028085712253347
0.521,0.329,0.207,0.345,0.786,16.079251097796828
0.681,0.776,0.493,0.266,0.529,25.930855666284128
0.473,0.707,0.259,0.493,0.29,21.498062563757276
0.395,0.642,0.486,0.426,0.437,29.410393894716517
0.476,0.671,0.735,0.773,0.672,37.057142519932135
0.389,0.613,0.463,0.353,0.705,25.032480587388175
0.223,0.741,0.477,0.582,0.596,24.879111557861435
0.737,0.582,0.568,0.24,0.511,18.24416672144431
0.29,0.642,0.507,0.608,0.225,17.819242130583913
0.251,0.63,0.243,0.243,0.207,14.22647374733723
0.774,0.643,0.412,0.378,0.41,25.811787663315098
0.665,0.597,0.311,0.304,0.259,18.831064966203467
0.596,0.659,0.359,0.213,0.249,20.837007697026486
0.781,0.377,0.662,0.575,0.429,24.537728023728523
0.323,0.273,0.569,0.665,0.586,18.7669010528493
0.518,0.225,0.781,0.679,0.376,15.347794860881198
0.788,0.561,0.549,0.649,0.687,33.83747251224555
0.594,0.277,0.403,0.757,0.335,22.508233447787156
0.423,0.459,0.464,0.568,0.766,28.27647501927469
0.344,0.273,0.318,0.732,0.587,21.338152274522113
0.372,0.69,0.717,0.708,0.751,37.185101906291855
0.351,0.653,0.476,0.705,0.637,34.78892225092679
0.666,0.594,0.306,0.527,0.791,27.038903228477928
0.762,0.226,0.299,0.279,0.636,14.08748919884724
0.691,0.328,0.504,0.704,0.64,22.312861042976593
0.525,0.554,0.505,0.379,0.539,26.103289635016875
0.613,0.724,0.582,0.657,0.296,25.16460420987982
0.477,0.206,0.348,0.636,0.795,17.106396617507695
0.26,0.441,0.68,0.322,0.533,21.439197177211216
0.64,0.57,0.313,0.413,0.67,23.933266445505268
0.533,0.203,0.657,0.221,0.647,13.204921171708568
0.321,0.775,0.421,0.396,0.289,20.151516140637458
0.383,0.726,0.798,0.421,0.469,29.452015296267216
0.633,0.732,0.556,0.435,0.448,32.40462040025034
0.617,0.202,0.572,0.413,0.677,14.88013946486194
0.256,0.553,0.489,0.585,0.239,16.510007616562724
0.548,0.537,0.536,0.562,0.606,31.985814632844743
0.683,0.362,0.695,0.499,0.246,17.585537866178694
0.235,0.401,0.671,0.625,0.673,23.739198385437312
0.51,0.464,0.288,0.397,0.46,21.24988681407964
0.253,0.332,0.559,0.641,0.799,22.18633836518845
0.76,0.586,0.453,0.582,0.671,31.25268772950068
0.271,0.446,0.704,0.43,0.543,24.24974591366018
0.553,0.311,0.417,0.401,0.216,15.186005830101696
0.215,0.699,0.364,0.511,0.379,18.003576360615174
0.764,0.356,0.458,0.724,0.705,30.235940255563072
0.312,0.682,0.475,0.49,0.28,23.191205720474215
0.248,0.637,0.498,0.462,0.638,29.09719809266916
0.659,0.295,0.566,0.281,0.651,21.17113074007044
0.594,0.774,0.241,0.234,0.369,16.335225730835425
0.357,0.348,0.744,0.35,0.363,21.271106712514538
0.656,0.47,0.666,0.239,0.493,19.14825075063205
0.22,0.238,0.744,0.284,0.519,14.643230454985122
0.447,0.408,0.74,0.213,0.598,16.63932493854924
0.778,0.536,0.762,0.231,0.451,18.59846548613045
0.356,0.638,0.789,0.354,0.593,28.402251554966284
0.319,0.539,0.478,0.783,0.565,29.494705063771978
0.41,0.268,0.291,0.335,0.351,17.862701656372202
0.71,0.537,0.514,0.269,0.716,20.074225827584108
0.634,0.241,0.625,0.526,0.249,15.113410369024363
0.475,0.491,0.299,0.767,0.71,25.477196155608198
0.601,0.477,0.447,0.591,0.527,29.14701112864221
0.237,0.508,0.684,0.476,0.231,19.34109905844548
0.672,0.321,0.355,0.299,0.398,18.25088175852274
0.654,0.512,0.323,0.727,0.728,26.799402436174937
0.722,0.343,0.471,0.791,0.663,23.944438860067795
0.216,0.239,0.478,0.746,0.523,15.884602594727575
0.499,0.263,0.594,0.693,0.428,17.989391902747027
0.665,0.779,0.322,0.514,0.372,25.520798107590817
0.676,0.547,0.581,0.679,0.438,28.97294563466509
0.749,0.52,0.295,0.618,0.676,26.742797535142017
0.39,0.714,0.744,0.366,0.79,26.339501758130474
0.284,0.321,0.311,0.736,0.593,20.412546279807405
0.291,0.464,0.569,0.25,0.729,18.669222539453305
0.682,0.503,0.78,0.451,0.79,30.390436756017
0.601,0.581,0.3,0.729,0.456,23.399353320135113
0.297,0.208,0.536,0.516,0.632,17.10874010049392
0.734,0.248,0.639,0.312,0.715,16.8486391116659
0.691,0.524,0.626,0.389,0.483,27.642897118697057
0.693,0.476,0.415,0.497,0.697,27.15926547938546
0.401,0.304,0.627,0.696,0.26,18.866905338190293
0.344,0.285,0.409,0.47,0.649,20.194707803589516
0.591,0.573,0.411,0.705,0.483,28.33361611659467
0.787,0.58,0.276,0.606,0.395,23.359014724217648
0.612,0.242,0.305,0.713,0.336,14.883581189181207
0.702,0.368,0.586,0.616,0.508,23.852132825294575
0.383,0.328,0.22,0.382,0.592,17.747879450802664
0.763,0.723,0.66,0.673,0.599,37.68212828354351
0.356,0.744,0.602,0.536,0.267,21.279007782836636
0.468,0.476,0.719,0.528,0.428,27.39228568782057
0.786,0.266,0.454,0.225,0.644,15.391095842265024
0.751,0.368,0.715,0.375,0.746,23.640076077629747
0.652,0.683,0.211,0.778,0.636,31.085280453771826
0.383,0.698,0.369,0.724,0.268,20.935840443057025
0.622,0.524,0.258,0.345,0.207,15.184650848459608
0.481,0.381,0.559,0.378,0.38,23.179998798254978
0.646,0.229,0.742,0.711,0.601,17.60031657610512
0.556,0.735,0.311,0.247,0.344,18.331213939683884
0.677,0.221,0.55,0.797,0.713,17.43249052896715
0.513,0.238,0.699,0.559,0.269,15.607723010837814
0.256,0.746,0.602,0.698,0.727,31.52358988155351
0.543,0.51,0.458,0.39,0.461,28.19930073120486
0.664,0.561,0.736,0.466,0.564,31.243151198189096
0.579,0.555,0.622,0.342,0.507,25.33696840857029
0.263,0.431,0.493,0.591,0.77,25.670943280910574
0.56,0.646,0.504,0.58,0.243,20.47859143474725
0.353,0.417,0.483,0.227,0.284,17.28003333976486
0.366,0.783,0.399,0.489,0.318,25.120514193475117
0.566,0.368,0.324,0.51,0.203,15.564943305829173
0.205,0.331,0.222,0.265,0.403,15.313236376642822
0.682,0.543,0.508,0.376,0.759,25.990367085986954
0.438,0.252,0.57,0.268,0.407,16.325591753460362
0.504,0.725,0.496,0.621,0.796,35.272766387270096
0.279,0.365,0.437,0.453,0.447,22.299929319379515
0.745,0.628,0.565,0.386,0.694,28.4728371576112
0.773,0.693,0.201,0.582,0.231,17.438865740302443
0.355,0.236,0.562,0.612,0.269,14.437379913847593
0.43,0.474,0.421,0.273,0.451,19.433215546431107
0.651,0.243,0.248,0.413,0.765,16.086875542652404
0.601,0.607,0.417,0.556,0.206,21.450326365825543
0.582,0.748,0.568,0.724,0.634,36.854078132433486
0.272,0.741,0.24,0.52,0.285,17.23097584580068
0.207,0.453,0.377,0.492,0.546,22.36089581900732
0.226,0.274,0.535,0.406,0.638,17.13412206920365
0.591,0.707,0.615,0.458,0.604,32.433107065518605
0.365,0.384,0.673,0.468,0.679,24.21956009925211
0.693,0.715,0.75,0.459,0.391,31.302265735595192
0.549,0.423,0.561,0.623,0.613,27.31536339674939
0.425,0.3,0.458,0.286,0.734,18.060537503607733
0.408,0.293,0.215,0.587,0.582,17.503169174589853
0.404,0.243,0.446,0.387,0.606,16.904136223699876
0.563,0.419,0.331,0.793,0.472,22.910634683686137
0.613,0.284,0.491,0.217,0.503,14.226226746999163
0.778,0.431,0.223,0.219,0.433,15.629199348225175
0.296,0.214,0.654,0.475,0.374,14.664999749196962
0.74,0.27,0.774,0.388,0.733,20.280619684311556
0.562,0.696,0.79,0.373,0.777,26.908970295005844
0.434,0.431,0.404,0.525,0.292,21.29197335562342
0.532,0.525,0.657,0.7,0.464,29.744821322163222
0.381,0.356,0.317,0.235,0.405,16.18447052366729
0.362,0.78,0.535,0.408,0.548,31.09336749991607
0.284,0.466,0.576,0.493,0.441,24.359472623453588
0.796,0.728,0.574,0.542,0.572,35.0030637878647
0.321,0.437,0.224,0.485,0.526,20.540355100080863
0.337,0.778,0.746,0.633,0.52,32.904851748847456
0.722,0.278,0.674,0.275,0.677,17.321301419504778
0.365,0.726,0.766,0.289,0.478,22.302388620630463
0.789,0.49,0.718,0.553,0.425,28.31423720099847
0.371,0.322,0.657,0.432,0.507,22.08902630589009
0.495,0.546,0.719,0.788,0.445,29.61776365837009
0.697,0.659,0.544,0.774,0.32,26.534953121794487
0.266,0.712,0.463,0.708,0.736,28.558134969824728
0.237,0.73,0.469,0.506,0.576,23.88858180812291
0.756,0.211,0.486,0.613,0.634,16.735209064517633
0.616,0.281,0.38,0.415,0.683,19.75177293639336
0.367,0.326,0.774,0.205,0.799,14.887274194265787
0.606,0.697,0.377,0.209,0.643,20.3671523110732
0.7,0.644,0.286,0.652,0.661,26.302029872038354
0.595,0.66,0.708,0.568,0.253,22.409876477718313
0.493,0.247,0.445,0.444,0.24,14.648613014700187
0.409,0.267,0.685,0.769,0.243,15.618555097918119
0.773,0.514,0.38,0.246,0.5,18.504359336620677
0.677,0.624,0.23,0.244,0.442,18.204560399597604
0.377,0.339,0.369,0.682,0.758,25.477434792802125
0.443,0.744,0.393,0.486,0.336,24.550412140699873
0.584,0.787,0.562,0.415,0.589,30.99225174997577
0.274,0.733,0.502,0.47,0.552,30.898894142278444
0.575,0.243,0.61,0.345,0.628,16.796208823001283
0.694,0.682,0.532,0.512,0.286,26.365199965415528
0.665,0.363,0.498,0.371,0.28,20.103272263303328
0.578,0.233,0.649,0.391,0.2,12.46274678171266
0.507,0.228,0.366,0.624,0.238,13.541289754606908
0.704,0.202,0.348,0.645,0.39,21.839893378074287
0.261,0.416,0.362,0.706,0.388,21.910804268712752
0.673,0.735,0.46,0.746,0.426,33.402630793230124
0.778,0.254,0.612,0.496,0.433,17.29475751031663
0.58,0.622,0.203,0.3,0.628,18.925571501296172
0.6,0.78,0.657,0.77,0.622,40.413409141556336
0.379,0.263,0.669,0.586,0.229,14.598485339192125
0.416,0.774,0.5,0.46,0.475,29.192947404323657
0.325,0.421,0.422,0.231,0.661,16.61476926278963
0.45,0.693,0.71,0.327,0.594,23.706383548147098
0.483,0.728,0.329,0.607,0.565,29.798781706230567
0.377,0.282,0.591,0.643,0.389,18.402158752871255
0.587,0.437,0.628,0.32,0.734,22.990261475275226
0.372,0.421,0.235,0.267,0.51,16.07866658752117
0.361,0.701,0.209,0.427,0.402,18.02150973841196
0.212,0.275,0.448,0.496,0.443,17.067390532217512
0.519,0.557,0.206,0.478,0.778,24.227849561652388
0.511,0.607,0.387,0.664,0.664,31.36257658006947
0.513,0.786,0.275,0.21,0.662,17.987155165591023
0.684,0.272,0.359,0.211,0.376,13.454688074406969
0.664,0.511,0.409,0.423,0.201,17.113755713913122
0.38,0.588,0.785,0.708,0.214,20.172003594978356
0.739,0.67,0.668,0.475,0.439,31.20369821722314
0.382,0.239,0.337,0.348,0.49,17.10714440487772
0.648,0.484,0.235,0.775,0.766,23.28055294671879
0.671,0.795,0.527,0.778,0.245,25.065993172649847
0.419,0.335,0.317,0.284,0.573,17.54718699497094
0.669,0.547,0.288,0.687,0.582,25.068980875213928
0.433,0.604,0.356,0.407,0.75,24.43808379198016
0.374,0.482,0.734,0.625,0.237,20.398595083066798
0.288,0.205,0.579,0.469,0.281,12.682773219438474
0.775,0.518,0.345,0.5,0.608,28.092829142642262
0.246,0.365,0.684,0.476,0.528,21.479675758623713
0.46,0.226,0.299,0.467,0.326,13.953532225724931
0.23,0.706,0.789,0.676,0.712,31.262515493306324
0.345,0.776,0.318,0.771,0.797,32.87716589472715
0.627,0.789,0.542,0.356,0.462,24.86196424757281
0.556,0.244,0.573,0.789,0.314,15.86979199700453
0.676,0.745,0.766,0.776,0.513,37.60770797405046
0.786,0.654,0.297,0.486,0.631,28.277432870661634
0.348,0.584,0.6,0.298,0.539,22.931291272495006
0.663,0.499,0.207,0.205,0.414,14.713994500087686
0.756,0.337,0.581,0.333,0.393,20.223198424482703
0.709,0.637,0.257,0.457,0.218,15.90516635429329
0.489,0.597,0.271,0.373,0.439,22.144594090646937
0.752,0.796,0.227,0.657,0.423,19.634788391217683
0.435,0.653,0.751,0.771,0.546,32.398248427898785
0.414,0.673,0.351,0.538,0.415,25.515285190347065
0.594,0.344,0.315,0.751,0.261,16.784618442691407
0.504,0.333,0.223,0.222,0.305,13.949525639522786
0.72,0.369,0.77,0.549,0.462,27.931006599736627
0.548,0.51,0.655,0.369,0.412,24.695247034542316
0.736,0.768,0.736,0.452,0.668,40.08649820456079
0.486,0.499,0.323,0.555,0.312,21.228757104938076
0.399,0.713,0.324,0.243,0.241,17.882150509438233
0.764,0.504,0.446,0.687,0.701,31.067192808253694
0.399,0.616,0.663,0.593,0.291,23.91474770339093
0.726,0.523,0.369,0.455,0.223,18.153569996070996
0.277,0.659,0.2,0.45,0.514,19.9012657034339
0.233,0.784,0.336,0.383,0.382,24.351146223352337
0.338,0.201,0.638,0.78,0.335,13.511005841528897
0.598,0.645,0.709,0.454,0.382,30.462927570574927
0.395,0.628,0.69,0.309,0.423,23.20516631587507
0.741,0.684,0.791,0.653,0.436,31.52932023670131
0.554,0.597,0.247,0.527,0.626,26.34344426687246
0.3,0.668,0.55,0.771,0.225,19.632840276074937
0.359,0.561,0.378,0.629,0.655,26.76598668387593
0.262,0.508,0.505,0.422,0.76,23.673364193975225
0.697,0.618,0.629,0.477,0.753,32.07457371756977
0.617,0.637,0.717,0.364,0.684,25.26054067700202
0.317,0.407,0.401,0.787,0.714,25.34926168158384
0.621,0.636,0.537,0.768,0.498,32.917458961783275
0.428,0.298,0.672,0.641,0.431,19.378633489835185
0.215,0.703,0.207,0.622,0.782,22.688411779020445
0.463,0.341,0.623,0.69,0.528,23.485272760084577
0.78,0.231,0.503,0.631,0.718,19.26319152655764
0.308,0.68,0.532,0.438,0.279,21.768750634656293
0.719,0.294,0.386,0.374,0.723,21.25491671945964
0.604,0.678,0.35,0.575,0.543,31.735627200516902
0.7,0.744,0.207,0.604,0.231,15.593914460632046
0.529,0.373,0.384,0.412,0.573,25.460241916073123
0.4,0.64,0.443,0.241,0.67,19.935967648239387
0.371,0.46,0.611,0.399,0.234,22.016556706132963
0.424,0.767,0.585,0.603,0.579,37.93800152103139
0.319,0.451,0.651,0.261,0.367,19.773493534487518
0.366,0.459,0.788,0.241,0.511,18.777585428412713
0.308,0.782,0.268,0.442,0.643,24.466844018359033
0.623,0.454,0.408,0.439,0.359,23.086058319181173
0.323,0.49,0.361,0.372,0.594,22.05113304851517
0.781,0.562,0.246,0.245,0.771,17.8050357890636
0.378,0.255,0.559,0.574,0.589,18.042340402411483
0.36,0.209,0.779,0.351,0.606,14.777854301593615
0.624,0.566,0.388,0.363,0.559,25.052606122884402
0.72,0.768,0.264,0.293,0.767,22.035903332512593
0.642,0.73,0.322,0.553,0.621,32.076464009622626
0.608,0.445,0.209,0.55,0.352,16.629122683203803
0.47,0.775,0.439,0.704,0.313,24.6133058028803
0.603,0.786,0.261,0.205,0.46,17.226904033247408
0.256,0.649,0.749,0.46,0.355,24.72122779042411
0.461,0.634,0.205,0.554,0.568,21.056191787569546
0.583,0.345,0.628,0.255,0.32,17.607843628966034
0.726,0.643,0.208,0.349,0.329,19.85964720830986
0.362,0.349,0.238,0.475,0.64,18.990969774090576
0.564,0.604,0.249,0.771,0.703,23.12776344078375
0.683,0.694,0.76,0.527,0.32,30.18319140417628
0.57,0.646,0.643,0.513,0.241,22.041638663631456
0.423,0.752,0.551,0.523,0.361,27.980256083345573
0.421,0.737,0.6,0.672,0.473,29.993727505986946
0.578,0.349,0.623,0.457,0.466,23.492436213264625
0.59,0.762,0.238,0.695,0.375,22.016760183229295
0.466,0.213,0.381,0.502,0.234,12.767421377368251
0.495,0.756,0.263,0.659,0.446,25.87839656807088
0.593,0.356,0.296,0.296,0.242,16.089154145334383
0.311,0.599,0.729,0.688,0.611,30.106876592720152
0.266,0.374,0.386,0.35,0.509,20.71447884184719
0.521,0.414,0.412,0.697,0.674,26.547903441189767
0.385,0.748,0.772,0.396,0.413,27.875638398345473
0.503,0.765,0.726,0.262,0.436,20.96917891577467
0.532,0.502,0.316,0.715,0.606,26.76015851470408
0.703,0.715,0.649,0.464,0.566,31.180788696073385
0.296,0.604,0.308,0.616,0.338,21.671143882209975
0.271,0.299,0.201,0.631,0.639,17.469302505768827
0.509,0.297,0.25,0.211,0.299,13.58126918578624
0.735,0.345,0.413,0.263,0.333,17.78884247546356
0.512,0.565,0.347,0.235,0.435,17.90084164396295
0.341,0.332,0.776,0.57,0.534,24.698063946368187
0.449,0.457,0.525,0.618,0.621,29.737619990332714
0.303,0.5,0.447,0.722,0.579,26.142125153436027
0.52,0.269,0.563,0.27,0.402,16.95306758556882
0.286,0.615,0.324,0.435,0.737,23.444850909705483
0.323,0.505,0.452,0.211,0.676,18.35719574729475
0.241,0.485,0.536,0.577,0.613,25.029790179197953
0.352,0.206,0.634,0.521,0.702,16.54252407572352
0.693,0.706,0.491,0.4,0.675,28.466558564317843
0.471,0.31,0.713,0.73,0.48,21.150832342414255
0.245,0.433,0.682,0.741,0.322,22.04941635691029
0.24,0.726,0.434,0.525,0.781,25.779714548615885
0.24,0.589,0.244,0.425,0.682,20.74476516992406
0.46,0.798,0.535,0.393,0.332,28.162998404612182
0.41,0.424,0.241,0.422,0.479,23.196136991676624
0.634,0.594,0.625,0.205,0.331,18.770258525105362
0.597,0.49,0.203,0.683,0.664,22.116937875460614
0.529,0.24,0.66,0.55,0.669,18.371246199553315
0.651,0.682,0.511,0.284,0.603,21.07066237836225
0.572,0.645,0.302,0.317,0.734,20.400849123741402
0.65,0.745,0.655,0.558,0.592,37.85350286381092
0.733,0.547,0.579,0.294,0.484,21.72738756603037
0.63,0.363,0.321,0.388,0.345,20.49914252044583
0.329,0.455,0.745,0.504,0.313,22.71719205077859
0.246,0.618,0.43,0.693,0.596,22.593631228239484
0.678,0.363,0.615,0.358,0.763,24.47488113247367
0.582,0.395,0.362,0.315,0.617,20.12781648795085
0.331,0.557,0.359,0.597,0.689,25.41516444907235
0.667,0.657,0.313,0.253,0.619,18.164943897950103
0.421,0.459,0.219,0.356,0.22,14.965978409540394
0.728,0.346,0.534,0.223,0.6,16.71994239510895
0.394,0.739,0.733,0.395,0.741,29.608995306879738
0.798,0.695,0.707,0.349,0.546,25.324867812907037
0.24,0.257,0.799,0.396,0.649,16.589381589702
0.684,0.715,0.799,0.345,0.224,22.45168601813192
0.447,0.278,0.213,0.416,0.67,16.038408732081024
0.54,0.388,0.593,0.339,0.209,16.498930462879805
0.659,0.574,0.657,0.223,0.702,18.890488392539165
0.572,0.538,0.575,0.719,0.552,31.94784285112042
0.549,0.794,0.654,0.465,0.624,31.875184829429895
0.434,0.337,0.558,0.757,0.757,23.854154486510218
0.405,0.517,0.327,0.797,0.789,31.374724825737687
0.59,0.683,0.629,0.556,0.232,26.015109503765988
0.473,0.605,0.607,0.424,0.765,29.28566572756416
0.3,0.5,0.615,0.618,0.589,32.62722344563261
0.365,0.294,0.582,0.56,0.308,17.103106421466272
0.623,0.473,0.601,0.702,0.302,24.242799643066107
0.211,0.667,0.566,0.62,0.703,28.40459293085924
0.682,0.777,0.522,0.493,0.441,30.9943855171964
0.292,0.544,0.366,0.753,0.55,24.821741437133824
0.556,0.413,0.231,0.219,0.454,14.617969752254243
0.251,0.564,0.729,0.73,0.595,27.776589984069773
0.327,0.718,0.732,0.318,0.642,26.062636508029605
0.372,0.682,0.798,0.218,0.738,18.832736524758165
0.574,0.784,0.479,0.708,0.237,27.254830336339786
0.401,0.24,0.785,0.69,0.712,20.471143699467646
0.763,0.251,0.431,0.243,0.326,18.541065802216718
0.338,0.481,0.361,0.261,0.3,18.199806453038057
0.288,0.784,0.656,0.781,0.464,24.703662328792333
0.367,0.679,0.396,0.38,0.34,25.643364418361752
0.278,0.354,0.413,0.604,0.238,17.192151172794762
0.326,0.685,0.288,0.406,0.719,24.007781031848378
0.293,0.25,0.491,0.381,0.538,17.738586445901266
0.682,0.282,0.548,0.503,0.286,17.300741429531996
0.574,0.364,0.493,0.249,0.476,20.754320338521207
0.384,0.693,0.234,0.451,0.475,23.163053757989662
0.635,0.545,0.6,0.666,0.717,34.6088906097559
0.388,0.523,0.704,0.794,0.734,32.178549790763476
0.423,0.317,0.494,0.645,0.496,19.845099151961662
0.49,0.703,0.417,0.716,0.444,29.200951553370103
0.397,0.472,0.657,0.276,0.318,20.822694381596882
0.771,0.305,0.541,0.548,0.494,27.398516262398317
0.587,0.338,0.532,0.423,0.597,23.37234460820626
0.285,0.543,0.311,0.367,0.331,20.266676805572416
0.31,0.695,0.371,0.756,0.782,29.25694755455187
0.543,0.286,0.425,0.679,0.42,18.748947106772825
0.252,0.534,0.707,0.678,0.305,20.18378308738103
0.604,0.332,0.331,0.724,0.35,19.256091114120963
0.358,0.2,0.722,0.676,0.576,16.277120953971824
0.65,0.291,0.475,0.411,0.256,16.56682585033035
0.492,0.752,0.224,0.375,0.325,19.742990522301863
0.343,0.745,0.481,0.48,0.656,27.22624796379749
0.293,0.492,0.458,0.558,0.8,26.684661213998417
0.662,0.439,0.697,0.302,0.218,17.701408500565762
0.323,0.404,0.506,0.569,0.746,27.666136984879653
0.506,0.501,0.23,0.221,0.531,16.252320602564915
0.463,0.704,0.296,0.215,0.469,16.43794343940039
0.342,0.23,0.635,0.267,0.565,15.07607305799644
0.369,0.304,0.428,0.681,0.435,19.347987385505895
0.65,0.275,0.664,0.342,0.606,22.585017831624352
0.539,0.757,0.432,0.24,0.211,16.99053028679482
0.696,0.515,0.665,0.341,0.407,24.71906458111223
0.218,0.777,0.601,0.76,0.359,24.292129005645865
0.567,0.607,0.391,0.709,0.768,33.86176380484879
0.731,0.643,0.366,0.369,0.778,26.475434301265533
0.206,0.63,0.624,0.574,0.794,26.70052552808344
0.387,0.404,0.247,0.466,0.357,17.937292419980842
0.406,0.701,0.761,0.311,0.424,24.680003911362785
0.757,0.237,0.255,0.298,0.557,15.915684409641734
0.29,0.781,0.468,0.501,0.348,20.571987804563797
0.483,0.597,0.651,0.652,0.547,32.14686464707879
0.743,0.69,0.654,0.233,0.204,16.692344259055417
0.327,0.598,0.447,0.441,0.731,25.561738760302546
0.737,0.746,0.388,0.615,0.363,28.45034844058599
0.314,0.311,0.405,0.458,0.699,21.39991478148332
0.272,0.641,0.519,0.373,0.496,25.8878799826179
0.38,0.558,0.46,0.299,0.27,20.109522612443033
0.528,0.741,0.406,0.64,0.595,30.717152026944937
0.759,0.693,0.54,0.594,0.739,42.59028809695009
0.44,0.396,0.206,0.696,0.681,23.420795800777956
0.263,0.546,0.478,0.271,0.788,18.64809744241983
0.329,0.24,0.557,0.643,0.219,13.640964395558544
0.595,0.519,0.262,0.304,0.541,17.33670461782186
0.378,0.763,0.691,0.79,0.356,28.13405904923049
0.782,0.459,0.409,0.23,0.232,20.830870980370687
0.615,0.475,0.336,0.568,0.352,22.579186648811955
0.547,0.416,0.694,0.692,0.486,26.785711020023474
0.41,0.418,0.683,0.397,0.325,22.29710759776874
0.251,0.48,0.489,0.705,0.333,19.91052580480036
0.429,0.685,0.694,0.431,0.475,29.424631050161747
0.382,0.76,0.271,0.76,0.61,25.49600199736675
0.519,0.22,0.485,0.445,0.297,14.226814845849198
0.594,0.783,0.537,0.629,0.241,27.46316976770471
0.451,0.27,0.568,0.763,0.597,23.148887473610262
0.246,0.413,0.53,0.442,0.7,22.85056827368017
0.689,0.567,0.424,0.353,0.264,21.012934661047492
0.413,0.448,0.605,0.595,0.242,18.1210571126015
0.437,0.309,0.294,0.696,0.225,14.860727824429887
0.452,0.301,0.728,0.534,0.339,18.719137166211908
0.501,0.639,0.775,0.332,0.732,25.21774112099993
0.761,0.75,0.581,0.578,0.442,34.25251862009157
0.651,0.519,0.606,0.457,0.639,31.204914286034896
0.695,0.288,0.7,0.524,0.707,21.038860328285665
0.459,0.427,0.749,0.351,0.707,26.238003058564797
0.49,0.508,0.385,0.544,0.395,25.234890931421663
0.224,0.363,0.204,0.787,0.779,20.423795671529888
0.437,0.637,0.407,0.603,0.683,33.14813397468051
0.768,0.44,0.67,0.36,0.794,24.702455396423186
0.215,0.562,0.596,0.613,0.272,17.152203738250904
0.763,0.309,0.574,0.334,0.384,20.11769492902833
0.528,0.45,0.296,0.303,0.451,18.658876442327998
0.654,0.739,0.25,0.436,0.26,19.87797776105922
0.21,0.597,0.561,0.298,0.34,17.39015183314547
0.214,0.701,0.785,0.281,0.339,19.43729913260517
0.721,0.756,0.452,0.23,0.224,17.036592397814168
0.544,0.436,0.217,0.55,0.207,14.528442528067037
0.672,0.384,0.224,0.553,0.439,23.759781173686946
0.784,0.527,0.365,0.626,0.363,22.726510578159377
0.743,0.425,0.53,0.23,0.456,16.336489302214197
0.699,0.683,0.335,0.336,0.69,23.083149524117637
0.758,0.257,0.47,0.402,0.722,17.42478176251507
0.25,0.327,0.651,0.231,0.496,16.141330695903097
0.465,0.401,0.437,0.518,0.297,26.555546316622657
0.543,0.683,0.656,0.292,0.29,21.679069606667014
0.361,0.417,0.445,0.608,0.234,21.891499160794723
0.221,0.435,0.618,0.316,0.585,19.7608233819238
0.356,0.732,0.737,0.378,0.338,25.245084758877244
0.447,0.344,0.603,0.696,0.604,26.121848359602634
0.695,0.438,0.294,0.643,0.416,20.874100805152608
0.603,0.362,0.249,0.796,0.294,16.154723700406127
0.793,0.786,0.676,0.596,0.547,37.21801514155398
0.72,0.374,0.481,0.572,0.447,30.66961453285748
0.456,0.398,0.539,0.71,0.321,21.100001039336792
0.761,0.613,0.694,0.534,0.668,35.6350999532947
0.21,0.691,0.224,0.734,0.795,27.238881398031626
0.376,0.326,0.659,0.352,0.719,20.504620213790467
0.262,0.276,0.787,0.604,0.708,19.424068988344263
0.395,0.606,0.557,0.562,0.61,31.358134806065056
0.545,0.457,0.366,0.661,0.336,21.11495178530087
0.615,0.34,0.575,0.648,0.331,20.81889541962618
0.236,0.279,0.564,0.71,0.227,15.388529542875954
0.64,0.405,0.487,0.757,0.399,23.895825002342505
0.479,0.208,0.249,0.355,0.217,12.073984904724902
0.579,0.456,0.529,0.305,0.378,21.41861178038744
0.598,0.779,0.23,0.734,0.546,28.88036833785286
0.538,0.5,0.242,0.254,0.561,17.507414040962058
0.405,0.75,0.444,0.286,0.629,22.72677234212315
0.376,0.515,0.619,0.74,0.675,35.67981528985007
0.606,0.608,0.768,0.377,0.201,18.800233751695917
0.363,0.331,0.597,0.58,0.556,21.693924605792844
0.21,0.637,0.394,0.599,0.534,21.457586619570293
0.406,0.281,0.257,0.699,0.751,19.418478904324477
0.59,0.262,0.441,0.637,0.668,18.921866503391207
0.271,0.2,0.627,0.414,0.353,12.93310823346833
0.208,0.524,0.711,0.775,0.539,23.106017716177092
0.509,0.251,0.529,0.428,0.564,17.467451170361993
0.433,0.344,0.257,0.389,0.258,15.748042869740061
0.306,0.792,0.466,0.519,0.724,35.11051929410425
0.797,0.55,0.687,0.396,0.383,26.69064340043704
0.442,0.604,0.609,0.389,0.28,22.78958671548892
0.579,0.277,0.547,0.616,0.62,19.719531142277123
0.652,0.724,0.5,0.638,0.572,34.86658648353033
0.312,0.215,0.371,0.466,0.57,17.068845905285254
0.71,0.318,0.275,0.778,0.265,16.121389203255422
0.487,0.551,0.525,0.252,0.234,16.910079833345574
0.263,0.551,0.527,0.34,0.583,22.112887783131086
0.692,0.225,0.499,0.614,0.351,14.761376628149474
0.385,0.568,0.739,0.686,0.55,30.914580670001186
0.638,0.419,0.585,0.48,0.314,21.821136946714347
0.621,0.534,0.415,0.747,0.213,19.57380991710074
0.389,0.234,0.66,0.621,0.399,16.10415331473958
0.605,0.438,0.654,0.473,0.447,27.830151204297636
0.761,0.351,0.272,0.551,0.782,23.719347031783034
0.427,0.237,0.404,0.504,0.297,15.132978213120861
0.595,0.799,0.471,0.413,0.44,29.95121887525019
0.269,0.73,0.449,0.432,0.596,25.968325848338367
0.465,0.589,0.237,0.688,0.764,24.640548632126475
0.589,0.773,0.291,0.486,0.561,28.984018684149355
0.549,0.441,0.403,0.276,0.435,19.023419781984938
0.298,0.641,0.325,0.235,0.531,18.283190218239994
0.557,0.723,0.546,0.407,0.682,30.372897846756857
0.524,0.248,0.54,0.745,0.438,22.461843238629715
0.378,0.286,0.291,0.46,0.557,19.777638672749177
0.248,0.764,0.653,0.552,0.697,26.80068421486076
0.248,0.486,0.578,0.697,0.67,25.261077230392363
0.366,0.765,0.275,0.725,0.783,30.977276035548115
0.306,0.633,0.224,0.443,0.51,22.826951975209205
0.548,0.762,0.603,0.489,0.686,33.3177543297668
0.77,0.213,0.79,0.252,0.689,13.93346742686247
0.368,0.279,0.464,0.586,0.429,21.146083895804626
0.233,0.56,0.741,0.43,0.33,22.51173322594996
0.466,0.229,0.692,0.696,0.553,17.655358483670007
0.412,0.68,0.533,0.696,0.579,28.66130676815731
0.671,0.559,0.448,0.775,0.525,33.470332237018226
0.563,0.332,0.575,0.543,0.311,19.76364249439116
0.236,0.563,0.658,0.514,0.336,20.129950751735457
0.6,0.248,0.465,0.298,0.311,16.51975800306976
0.321,0.432,0.231,0.439,0.507,24.887031399882336
0.49,0.43,0.703,0.287,0.503,21.765253190332768
0.237,0.243,0.544,0.54,0.727,17.985034563422843
0.535,0.776,0.229,0.259,0.226,15.897712950222436
0.311,0.525,0.587,0.227,0.768,17.76952795846192
0.705,0.378,0.246,0.302,0.276,15.880786208877261
0.274,0.511,0.348,0.415,0.794,22.30108614682251
0.611,0.769,0.286,0.429,0.533,23.271844815774976
0.246,0.203,0.602,0.585,0.446,14.911338177980959
0.494,0.449,0.214,0.401,0.306,16.38677557798292
0.259,0.774,0.56,0.637,0.389,29.241348619690047
0.436,0.342,0.258,0.307,0.679,16.945163938223942
0.607,0.528,0.485,0.753,0.244,24.81259892538024
0.368,0.41,0.669,0.796,0.344,23.300750938327074
0.725,0.698,0.335,0.44,0.446,26.082522182452408
0.787,0.309,0.679,0.401,0.639,20.632868877803407
0.452,0.547,0.7,0.682,0.72,34.81225414301845
0.236,0.615,0.284,0.449,0.529,20.205671853000837
0.442,0.512,0.798,0.281,0.605,22.32483078720218
0.438,0.28,0.295,0.77,0.728,19.943244241086504
0.744,0.795,0.325,0.413,0.602,25.73927677815216
0.49,0.451,0.415,0.556,0.545,29.32694573833553
0.297,0.483,0.532,0.542,0.326,22.813216573890976
0.645,0.215,0.413,0.668,0.538,20.328595922535143
0.357,0.617,0.54,0.678,0.641,32.525252976336134
0.566,0.493,0.28,0.357,0.451,20.521071933329267
0.56,0.508,0.373,0.204,0.498,16.046041839205554
0.371,0.641,0.214,0.551,0.765,24.4283991326546
0.305,0.483,0.255,0.575,0.53,22.430409088303822
0.444,0.513,0.738,0.318,0.214,19.470344262085018
0.717,0.546,0.734,0.558,0.686,34.66897506371203
0.458,0.65,0.748,0.543,0.308,25.855975141678453
0.361,0.319,0.348,0.384,0.533,20.553472507047186
0.553,0.456,0.569,0.249,0.253,17.9382538236134
0.303,0.511,0.328,0.37,0.44,21.52878494264624
0.687,0.208,0.59,0.601,0.679,16.711007028986092
0.76,0.212,0.292,0.732,0.475,14.384196689690574
0.539,0.598,0.607,0.759,0.798,37.89010777026155
0.632,0.372,0.728,0.23,0.339,16.781641486406322
0.738,0.354,0.332,0.283,0.715,18.58842688378913
0.5,0.605,0.343,0.655,0.656,31.536521195360315
0.388,0.446,0.326,0.786,0.587,23.87198778340445
0.761,0.382,0.669,0.66,0.615,26.052850855561978
0.779,0.436,0.278,0.603,0.638,22.827304926034532
0.545,0.324,0.503,0.387,0.456,20.725805552518135
0.587,0.647,0.339,0.443,0.361,23.952767347926734
0.319,0.67,0.746,0.422,0.651,27.953846944761786
0.738,0.708,0.31,0.774,0.426,24.583985347613584
0.404,0.237,0.492,0.265,0.349,15.164142125200245
0.39,0.685,0.725,0.381,0.715,28.15155526154013
0.714,0.659,0.288,0.614,0.767,36.099280971462605
0.61,0.399,0.5,0.587,0.506,26.161104499521375
0.272,0.387,0.681,0.717,0.282,19.896071371281316
0.771,0.397,0.597,0.651,0.687,26.656718326629225
0.767,0.388,0.715,0.279,0.623,19.906923402110937
0.645,0.607,0.351,0.724,0.301,23.015969220926713
0.232,0.63,0.485,0.709,0.43,20.01047592148073
0.301,0.702,0.529,0.314,0.632,24.576115345859556
0.507,0.563,0.477,0.697,0.698,36.03512015840972
0.626,0.263,0.703,0.603,0.618,20.386192323204106
0.418,0.728,0.635,0.268,0.445,20.5247410203027
0.732,0.228,0.777,0.607,0.579,17.82706531530904
0.362,0.349,0.765,0.379,0.665,22.105183713915615
0.436,0.284,0.206,0.527,0.785,17.736891463285502
0.421,0.414,0.406,0.512,0.464,26.163233672039404
0.728,0.503,0.505,0.283,0.79,26.7119776198544
0.35,0.244,0.598,0.557,0.449,16.342875537243952
0.453,0.671,0.317,0.692,0.589,26.283767686516498
0.451,0.475,0.354,0.651,0.508,24.459406246830163
0.393,0.558,0.797,0.461,0.752,28.64597804383273
0.407,0.233,0.323,0.451,0.332,14.824007533368192
0.2,0.749,0.706,0.645,0.301,18.74434923642868
0.272,0.241,0.634,0.757,0.458,15.907003705235024
0.271,0.507,0.409,0.425,0.573,18.668849624022315
0.631,0.266,0.221,0.797,0.34,14.460163532867888
0.232,0.314,0.223,0.435,0.681,18.206178949526123
0.405,0.467,0.605,0.505,0.717,28.81684350240284
0.72,0.206,0.667,0.476,0.793,16.382221087895374
0.49,0.792,0.653,0.349,0.523,26.157251573565844
0.795,0.715,0.258,0.624,0.407,22.373713527407613
0.204,0.442,0.341,0.691,0.402,20.358567898220933
0.697,0.2,0.385,0.345,0.34,14.282791389598465
0.241,0.312,0.533,0.375,0.45,18.529593988376263
0.426,0.726,0.743,0.496,0.398,27.60899906510438
0.264,0.772,0.236,0.379,0.379,17.644382979511384
0.392,0.299,0.67,0.273,0.581,18.762285231503057
0.274,0.242,0.746,0.314,0.693,17.90100759254212
0.527,0.247,0.773,0.348,0.716,20.554884124621424
0.301,0.712,0.208,0.507,0.662,21.032863133259255
0.761,0.746,0.692,0.733,0.32,27.117193779049934
0.371,0.373,0.426,0.436,0.527,23.49221399794
0.296,0.615,0.301,0.386,0.502,23.11090457095983
0.678,0.644,0.587,0.293,0.528,23.002513978372384
0.252,0.426,0.448,0.224,0.364,15.817327991490536
0.773,0.772,0.411,0.226,0.307,18.437301693851452
0.435,0.769,0.285,0.658,0.265,21.455144595046107
0.789,0.429,0.665,0.406,0.577,26.459445062286502
0.315,0.288,0.763,0.751,0.732,21.33192853586496
0.575,0.685,0.241,0.401,0.388,20.71135516176856
0.581,0.414,0.289,0.558,0.689,26.596984298031447
0.429,0.279,0.318,0.342,0.38,17.197266922991194
0.586,0.561,0.618,0.418,0.694,27.467521658014615
0.322,0.481,0.681,0.308,0.266,19.378092914781117
0.73,0.406,0.61,0.215,0.614,16.757763355171537
0.39,0.233,0.566,0.344,0.432,15.69299052576895
0.248,0.288,0.379,0.254,0.746,15.420340971939012
0.204,0.49,0.274,0.385,0.756,17.051106414751448
0.297,0.779,0.323,0.645,0.528,22.137043451022812
0.731,0.532,0.521,0.317,0.3,21.22495151488059
0.75,0.397,0.423,0.656,0.403,24.138282909027936
0.771,0.643,0.558,0.729,0.23,24.226047019335745
0.354,0.479,0.336,0.646,0.752,26.488773256537208
0.454,0.405,0.777,0.467,0.493,27.886668319718513
0.411,0.746,0.541,0.657,0.687,36.903575687387445
0.405,0.46,0.709,0.418,0.676,26.221728560450266
0.765,0.574,0.645,0.683,0.707,36.33138952645792
0.437,0.231,0.441,0.604,0.47,15.736705569387789
0.649,0.414,0.581,0.312,0.65,23.502954200427798
0.527,0.322,0.375,0.649,0.49,20.777549400644755
0.33,0.78,0.629,0.774,0.456,28.644195045677336
0.485,0.739,0.515,0.624,0.351,28.462516958604112
0.468,0.274,0.324,0.201,0.224,13.468383411060342
0.786,0.345,0.598,0.703,0.53,22.581599775688463
0.292,0.637,0.56,0.639,0.662,29.82955829165708
0.785,0.544,0.405,0.589,0.241,20.632473637551097
0.8,0.8,0.8,0.8,0.8,49.19936517592171
