rc_11,rc_14,rc_15,rc_26,rc_37,profit_11,profit_14,profit_15,profit_26,profit_37
0.6,0.6,0.5,0.6,0.5,0.0,6.530191534995553,13.727748669593861,0.0,9.948502531171913
0.425,0.77,0.639,0.559,0.294,13.110039619566892,0.0,3.791411673739849,0.0,8.05733714115403
0.294,0.235,0.72,0.561,0.625,0.9606626317800542,11.19934923754123,0.0,0.0,4.832682171488392
0.212,0.782,0.699,0.327,0.309,6.7445767464294955,0.0,0.8790082478615036,2.288881314004307,7.731194262016508
0.31,0.383,0.515,0.459,0.375,4.565743548149364,7.453563097688455,0.0,0.0,10.37629416977367
0.567,0.284,0.375,0.42,0.474,0.0,13.755679426448848,0.9631759827484144,0.0,3.6369674594281376
0.671,0.32,0.509,0.555,0.228,0.0,6.788360852201513,0.0,0.0,9.165521685547423
0.565,0.302,0.239,0.769,0.779,0.0,10.810622689455517,3.1153953111973633,0.0,6.006662300522328
0.685,0.383,0.259,0.611,0.464,0.0,7.751805602367437,6.870885226194599,0.0,4.711663884854054
0.273,0.497,0.221,0.746,0.355,2.22338927668895,0.7535322299999999,8.72216725079571,0.0,4.988534827480366
0.598,0.387,0.512,0.528,0.311,0.0,11.460297427905733,1.3317629975816294,0.0,8.521569434102107
0.782,0.665,0.764,0.737,0.559,0.0,14.514328639099979,6.564616225390053,0.0,15.661077033872564
0.753,0.253,0.318,0.227,0.395,0.0,4.770483583222639,2.027869376919723,7.301234102867539,0.0
0.433,0.363,0.697,0.414,0.369,1.4427234709831118,17.877109731015956,0.0,0.0,2.8055102093195883
0.526,0.285,0.681,0.245,0.792,0.0,3.8632814356025804,0.0,11.822315493744203,0.0
0.663,0.319,0.203,0.689,0.624,0.0,8.04946344380777,5.297005619996361,0.0,4.611607536736166
0.637,0.663,0.244,0.415,0.27,0.0,0.0,9.187669393103743,0.0,6.644936896090489
0.718,0.574,0.399,0.238,0.387,0.0,2.2233984707398045,1.5476575385737603,11.485508764279947,2.173154073408193
0.395,0.638,0.583,0.732,0.483,7.542228677806246,2.4073457916216756,3.449383081069302,0.0,17.46267743988893
0.272,0.628,0.656,0.537,0.663,4.3185970718566935,4.804428067020156,2.2669344682519523,17.990887341998903,0.0
0.496,0.514,0.457,0.215,0.265,0.0,1.9830927253231603,0.5662502195690141,10.312339690218375,2.5617532980312543
0.219,0.582,0.389,0.505,0.745,7.156569793800221,4.306930186558901,5.346455604341759,6.223385161646507,0.0
0.35,0.446,0.653,0.337,0.246,5.190706704305063,4.122963416370692,0.8195583747157072,2.3617452757016637,6.630922716124035
0.374,0.297,0.758,0.685,0.58,1.238107719090716,14.433889476568787,0.0,0.0,4.579373335588903
0.723,0.682,0.312,0.736,0.524,0.0,1.1035803899999999,12.111661178105,0.0,14.130493388809688
0.684,0.738,0.391,0.266,0.337,0.0,2.8802341748780336,2.6811389021238763,12.959873447231729,1.8793373062415815
0.456,0.691,0.716,0.204,0.506,0.0,5.300809619398455,5.3566333915239515,9.741449896367591,0.0
0.45,0.333,0.272,0.403,0.766,0.0,6.685894758964837,7.240757528120626,4.802574473430678,0.0
0.394,0.511,0.622,0.418,0.783,0.0,3.882576612599882,2.4551035176750817,20.75216497266095,0.0
0.777,0.351,0.498,0.381,0.371,0.0,17.0844234150555,1.2940971712486302,0.0,3.3301563793460702
0.222,0.566,0.502,0.231,0.367,3.190824604607206,3.1873363364848126,1.9667917800419663,7.461079303077971,1.5591314184679987
0.745,0.344,0.287,0.494,0.791,0.0,2.6390583836279125,11.568153743216412,7.426574109407537,2.1066241639809755
0.345,0.603,0.657,0.343,0.637,5.1125863097854625,4.748478862791198,3.49124328743711,11.317634661564156,0.0
0.421,0.579,0.58,0.521,0.254,6.2866686231233775,4.523280144133412,3.4310601207473166,0.0,10.290051709815154
0.701,0.392,0.312,0.224,0.555,0.0,2.9449670136600368,2.112197878807429,10.767410134888696,0.0
0.607,0.21,0.507,0.336,0.587,0.0,8.872821758392858,1.318310916748325,5.660692136605968,1.559200930418256
0.305,0.615,0.432,0.762,0.283,0.0,2.315343781288385,7.4627677223241795,0.0,11.56739647698442
0.405,0.268,0.755,0.726,0.355,1.345617690424196,12.920959364765036,0.0,0.0,2.6946492426382713
0.596,0.69,0.533,0.518,0.345,0.0,8.432989281808826,3.144000409041024,0.0,14.225727457145284
0.256,0.738,0.74,0.58,0.403,8.458630997653053,2.7177765271991303,4.4082846712363555,0.0,10.101267344973577
0.41,0.636,0.738,0.732,0.668,6.128151438538417,12.162432239985574,4.396069364355393,0.0,12.254879237080933
0.585,0.25,0.297,0.739,0.564,0.0,10.867968767528303,2.1683153825937573,0.0,4.25061920644814
0.206,0.261,0.598,0.203,0.296,0.0,3.910007919159292,0.0,9.670288158232557,0.0
0.529,0.615,0.591,0.335,0.627,0.9627581570835834,4.702000127640287,2.3289563187872155,16.49406675255573,0.0
0.342,0.395,0.648,0.59,0.71,0.0,20.235343725671694,0.0,0.0,8.086149338993224
0.595,0.541,0.256,0.421,0.359,0.0,0.87093039,9.656854396095824,0.0,9.608717557867301
0.346,0.784,0.436,0.735,0.579,11.396584563557049,0.0,6.023255604341798,0.0,10.173302211568814
0.677,0.502,0.546,0.496,0.317,0.0,10.823028531735428,4.646637051016815,0.0,8.69147703387278
0.633,0.368,0.215,0.587,0.306,0.0,3.5259681850632116,5.15811943748597,0.0,8.303258281118259
0.764,0.772,0.749,0.422,0.209,1.4062581806635632,3.0164074306138415,0.9436276751954075,13.515461370898265,5.554513142424737
0.757,0.457,0.78,0.778,0.712,0.0,23.57291331031248,0.0,0.0,8.233555408842488
0.377,0.431,0.711,0.39,0.302,5.612556834709735,7.729457441696811,0.0,0.0,8.273209682389536
0.534,0.762,0.618,0.542,0.258,8.065537222620614,7.167532902118202,3.6631509514887415,0.0,6.992277033872626
0.569,0.794,0.284,0.511,0.726,0.0,6.372769918556053,4.157749128661757,19.907801990377443,0.0
0.644,0.618,0.621,0.416,0.376,0.0,8.107478192626118,3.6814739118099276,0.0,15.56854375638833
0.686,0.686,0.72,0.748,0.507,14.71083300285408,8.158870447935303,5.895440975909072,0.0,14.16472624914765
0.501,0.679,0.59,0.621,0.677,7.549942618792263,6.367851676433775,8.243062794587575,5.08103766886487,9.527090942293269
0.734,0.403,0.425,0.256,0.547,0.0,4.026310313110371,1.6534584150608602,12.412196986788466,0.0
0.222,0.479,0.526,0.372,0.554,3.190824604607087,4.557852892278462,2.064454127569102,12.311459068567489,0.0
0.218,0.222,0.694,0.416,0.276,3.6567822271327364,8.003781854068647,0.0,0.0,2.475388110563539
0.513,0.662,0.329,0.574,0.251,0.0,1.07058039,9.092994139530214,0.0,9.992890903646945
0.231,0.519,0.524,0.582,0.636,3.515455449701814,9.646235580737935,7.290455604341789,0.0,7.395219976675829
0.786,0.51,0.394,0.677,0.362,0.0,7.031548493930462,7.726602183954528,0.0,9.988445538191932
0.463,0.247,0.215,0.778,0.702,0.0,6.163175712065688,5.638426206389918,0.0,5.2011690838141496
0.618,0.445,0.304,0.294,0.35,0.0,4.857566936729228,5.301228912041377,9.609608591020354,0.0
0.53,0.629,0.596,0.368,0.773,0.0,4.812307139280172,2.3493026411867697,18.172009851870172,0.0
0.643,0.533,0.567,0.452,0.349,2.2713678664089954,7.210238046247298,3.3516606260200072,5.041128777553361,14.428365879423419
0.414,0.655,0.209,0.27,0.228,0.0,2.5478112270514326,5.566093188840433,2.240923267348479,6.2081232436462415
0.224,0.713,0.622,0.485,0.259,4.486360069751111,0.0,3.8077778565011653,0.0,9.859345430970254
0.495,0.484,0.304,0.46,0.439,0.0,5.221164761746205,8.159849417447305,0.0,10.063651262640452
0.57,0.581,0.227,0.425,0.576,0.0,0.0,8.826977622212285,13.54611888531015,0.0
0.502,0.714,0.595,0.298,0.242,0.9118028351166251,2.7841118767120783,0.7445998390074345,9.396667192669948,6.504913142424694
0.585,0.216,0.551,0.764,0.545,0.0,10.208119164291125,1.4366892280815706,0.0,4.199190933310604
0.433,0.586,0.475,0.527,0.765,6.487505253327891,4.473507032098692,6.584855604341775,12.360910107842058,0.0
0.432,0.777,0.743,0.317,0.242,2.5589397541839,0.0,0.935873343915012,10.403040021814506,6.531501010769487
0.26,0.211,0.257,0.61,0.243,0.0,8.997264883117806,0.6457068750820293,0.0,2.8849137974999364
0.391,0.707,0.214,0.689,0.369,2.250799746915455,0.0,8.450021989974571,0.0,7.231023548147498
0.271,0.618,0.577,0.726,0.641,9.313941727722977,0.0,8.053655604341817,0.0,9.18705884618086
0.682,0.369,0.306,0.65,0.684,0.0,7.453350566214674,8.208115856235015,0.0,7.137194484407972
0.794,0.448,0.423,0.666,0.404,2.805459353932005,5.5539985848999915,8.768051570082134,2.9122576330465773,11.21533096662147
0.758,0.715,0.457,0.651,0.653,0.0,2.018411607132089,12.656502819188715,9.174917801372738,14.802789762189873
0.262,0.742,0.503,0.696,0.392,8.699772182504322,0.0,2.960770805823732,0.0,8.656481555574594
0.737,0.434,0.207,0.743,0.255,0.0,0.6943803899999901,8.134941319365607,0.0,7.12321141566381
0.392,0.77,0.77,0.544,0.579,13.329186299320188,0.0,1.1021280818347174,12.202074353579077,4.044066718435755
0.469,0.376,0.397,0.604,0.651,0.0,17.569001679312215,1.920725336539524,0.0,7.173534030031897
0.675,0.674,0.255,0.497,0.235,0.0,6.319678108619325,2.724407737343249,0.0,9.49575043952494
0.53,0.465,0.733,0.411,0.27,1.7791256393474904,13.847715827801775,0.0,0.0,7.334316536968566
0.286,0.657,0.571,0.261,0.25,1.1426429247404712,0.0,0.7135825138890376,5.870202594269409,10.116337868639546
0.621,0.244,0.693,0.624,0.249,0.0,12.10674683438854,0.0,0.0,2.7174978302092927
0.251,0.792,0.425,0.422,0.688,8.098519320071011,0.0,2.251004037462601,12.31712391000384,0.0
0.768,0.792,0.652,0.426,0.25,1.413807118203925,3.096509345753689,0.8182659861690366,13.648325699229876,6.735313142424755
0.666,0.535,0.455,0.744,0.267,0.0,6.975789712254622,2.6676034406782025,0.0,10.859743756388502
0.496,0.207,0.481,0.234,0.271,0.0,10.016922346403106,1.2483600964150263,0.0,2.0320395737037256
0.271,0.59,0.648,0.55,0.777,9.07160952294226,0.0,2.5609043941621237,16.164713940190293,0.0
0.425,0.371,0.721,0.334,0.778,3.223319305408264,6.83360433765293,0.0,12.405175664315548,2.0791519713273887
0.207,0.782,0.226,0.735,0.517,6.743099863036077,3.2701066648171198,2.9992556043418594,0.0,8.307878322829495
0.796,0.244,0.532,0.782,0.514,0.0,12.106746834054041,0.0,0.0,6.119851780244007
0.578,0.617,0.473,0.577,0.551,0.0,6.722031665558256,12.959552350208893,0.0,10.994392856640873
0.741,0.227,0.369,0.77,0.734,11.156247871194035,12.00119396311158,0.0,0.0,5.10294179522056
0.473,0.572,0.366,0.313,0.478,0.0,11.414109388496392,0.0,15.072840952747416,0.0
0.412,0.55,0.247,0.785,0.792,1.4198029900487061,9.039420030593146,9.895038453612067,0.0,5.885238727439015
0.619,0.522,0.386,0.688,0.611,0.0,12.0466819126857,9.911481860761711,0.0,8.37452098958325
0.298,0.747,0.694,0.77,0.635,9.730193703690151,0.0,4.127332612969659,0.0,16.313291043248114
0.568,0.451,0.76,0.72,0.227,0.0,9.572059365685764,0.0,0.0,9.12818325948431
0.216,0.426,0.686,0.792,0.29,7.061671802707972,3.525527149672075,0.0,0.0,6.313053206983469
0.556,0.429,0.782,0.705,0.703,0.0,22.66891709718702,0.0,2.9832071276173218,5.452892259863174
0.481,0.449,0.364,0.234,0.719,0.8721709180304098,3.3940741324786092,1.4052332817639057,11.274384141285001,0.0
0.688,0.8,0.798,0.533,0.661,0.0,5.934673836505503,3.171294066204592,26.74924124901851,2.870289358657994
0.767,0.71,0.348,0.47,0.277,4.081156384584569,1.10498223,6.620882230914856,9.895184130728175,8.618117050930968
0.772,0.564,0.337,0.603,0.571,0.0,6.16093246385432,9.569007820198548,9.41134190702424,6.253569612164109
0.415,0.268,0.603,0.512,0.663,1.9291017335823006,13.202548949645204,0.0,2.712065107343084,2.3033298475937007
0.512,0.711,0.531,0.537,0.726,7.721807486735069,5.458391064598977,7.391255604341756,12.602136258339216,0.0
0.442,0.28,0.217,0.653,0.572,0.0,6.986214179155173,5.695329637454374,0.0,4.320169196605913
0.622,0.328,0.282,0.209,0.41,0.0,2.915388619020272,4.7911726734880205,6.681073792617591,0.0
0.554,0.435,0.462,0.742,0.409,0.0,9.378781652631483,3.9075992040095198,0.0,11.346994360181137
0.508,0.67,0.438,0.573,0.717,8.42746129714137,1.3955203362629658,12.108998558214711,13.384062417114976,0.0
0.77,0.288,0.756,0.495,0.355,0.0,14.47192570465079,0.0,0.0,3.9520318258623086
0.475,0.788,0.496,0.397,0.58,0.0,6.0650796286189,1.942376193160226,19.668499821929043,0.0
0.344,0.246,0.277,0.277,0.291,0.0,7.321456179584557,4.433170802757096,0.0,2.89963591149871
0.283,0.585,0.309,0.407,0.738,3.5635972250496604,4.465627959837467,4.1944556043417816,13.396549337370086,0.0
0.484,0.601,0.303,0.315,0.225,1.8779385410173581,0.0,1.7392401177138388,4.395517808357011,9.04775810558208
0.301,0.367,0.306,0.253,0.272,4.4251268380140285,2.747990207159723,1.1692159419080357,8.197021217673155,0.0
0.476,0.324,0.419,0.502,0.614,3.4444872674474385,13.854922257306251,1.08155429408179,2.8348725043288585,3.760280490580242
0.224,0.68,0.577,0.249,0.724,4.416261846900341,6.184441405253719,2.271986616061885,9.36172305380006,0.0
0.753,0.237,0.366,0.684,0.649,0.0,11.30368924525208,0.9389622372483548,0.0,5.02272954294164
0.311,0.326,0.422,0.491,0.571,4.581367627053663,10.642910536386026,2.0471587054631657,0.0,4.304756543184054
0.421,0.478,0.648,0.222,0.351,0.0,4.404632733028631,2.955493643856702,10.66340605291669,0.0
0.628,0.737,0.507,0.519,0.264,3.580073679094902,0.0,11.390607462414712,5.047893705030963,10.5862471492867
0.468,0.52,0.345,0.362,0.426,0.0,3.9534882629388344,4.712855604341761,14.290633432270168,0.0
0.212,0.393,0.327,0.396,0.272,6.7445767464295105,0.0,1.88582380028708,0.0,6.7746949872832625
0.734,0.556,0.607,0.674,0.499,0.0,7.262120532590869,3.6990822170592477,0.0,20.88884572375511
0.252,0.522,0.552,0.647,0.459,8.133235796318841,0.0,3.2600458244120194,0.0,11.688517197932825
0.277,0.37,0.418,0.588,0.542,9.714665283917627,7.669632707900301,0.0,0.0,7.091773787793675
0.414,0.792,0.563,0.342,0.261,1.5953246621900232,0.0,0.7032434055156904,7.801590660726411,10.589619390945405
0.292,0.348,0.296,0.312,0.371,4.284510127879532,2.5982878342200464,4.0072556043417595,7.17454787215173,0.0
0.304,0.738,0.248,0.515,0.446,2.459913430053865,0.0,9.918821989974672,0.0,7.712063375286654
0.789,0.267,0.439,0.782,0.719,0.0,12.868789360909943,1.135362617414863,0.0,5.704372767832853
0.69,0.355,0.303,0.601,0.758,3.653479754747022,13.945383395388488,4.127472067978951,8.592816750362418,2.3794389891542487
0.534,0.543,0.368,0.662,0.312,1.551866166695739,5.057530631933694,2.136237591349732,0.0,12.802758350438959
0.394,0.455,0.505,0.345,0.269,0.0,5.885005634789217,2.972986112706008,0.0,10.946143756388246
0.566,0.373,0.549,0.293,0.489,0.0,10.142020811904894,1.431308395748504,9.58356867904657,0.0
0.52,0.231,0.402,0.281,0.238,0.0,10.06192964213123,1.0345465903651978,0.4351932896989418,4.020259351839074
0.794,0.393,0.686,0.353,0.609,0.0,5.486581407498403,0.0,17.4091494855008,0.0
0.656,0.557,0.483,0.447,0.409,1.2024368937460783,5.192416621808714,2.8386177370137746,7.401258420077014,11.341077033872589
0.758,0.698,0.779,0.275,0.639,0.0,5.355963125219448,0.9823993315957015,13.386623608700194,2.7734477474995103
0.763,0.309,0.24,0.645,0.545,0.0,12.836024579389322,3.218551499093805,0.0,4.296656741339664
0.705,0.284,0.677,0.321,0.298,0.0,13.755679426450193,0.0,2.1120625232886265,2.2970003867208444
0.299,0.689,0.599,0.514,0.415,10.040544218826552,0.0,4.399713599826414,0.0,9.196329040391728
0.726,0.435,0.69,0.463,0.426,0.0,12.982092484939727,1.8106570752485849,0.0,11.83303386327715
0.478,0.381,0.649,0.502,0.339,0.0,7.707802574553128,0.0,0.0,13.960218117854541
0.74,0.43,0.526,0.744,0.575,0.0,19.501986695578495,3.942550344100881,0.0,4.335692164176663
0.27,0.764,0.577,0.401,0.284,3.94078039199381,2.9843666645563323,3.412737160425674,3.3810176596236126,7.7302674601735895
0.676,0.572,0.52,0.736,0.673,0.0,13.294558791121643,7.23285560434199,0.0,15.362693032176647
0.291,0.387,0.349,0.646,0.22,0.0,4.957839168942115,2.0201921759794104,0.0,8.829343756388305
0.542,0.657,0.726,0.405,0.693,0.9872922009944218,7.715168407460574,2.8783070236243278,20.13823969664448,0.0
0.266,0.708,0.276,0.438,0.678,8.816625506167787,5.5747425340777825,3.7192556043417926,5.3743772207365375,0.0
0.29,0.338,0.633,0.632,0.585,4.25326197007115,12.546191574811832,0.0,0.0,4.515936552398369
0.616,0.526,0.351,0.407,0.309,0.0,6.794643505664195,2.03240748285955,0.0,12.671799592970533
0.745,0.55,0.441,0.477,0.768,0.0,5.100576819328347,6.101087302373761,19.989546241305582,0.0
0.292,0.552,0.504,0.567,0.211,4.2845101278794075,5.144243053995969,3.0519812090237752,0.0,5.645379001239424
0.723,0.759,0.539,0.618,0.753,0.0,5.836586533079137,7.506455604341763,24.8563593576737,0.0
0.624,0.292,0.546,0.564,0.454,0.0,14.690671673774178,0.0,0.0,5.3051835141267984
0.642,0.761,0.755,0.471,0.268,0.0,3.1021376988836478,4.560689846740481,9.366076387255282,10.91102556704332
0.791,0.703,0.275,0.753,0.722,0.0,15.769574375589373,7.425028397737779,0.0,8.580004731022598
0.511,0.555,0.439,0.233,0.401,0.0,5.148906269766875,1.7104281177838556,11.223201694836058,0.0
0.682,0.203,0.4,0.439,0.522,0.0,10.01121570513667,0.0,0.0,5.89974875094597
0.752,0.408,0.408,0.643,0.471,0.0,12.432480623682954,9.802884476838305,0.0,2.7930896391029782
0.335,0.471,0.285,0.306,0.499,0.0,4.278045952198276,7.610629830046888,7.0298121818533215,0.0
0.451,0.749,0.417,0.548,0.579,9.602916614602336,4.371781946257318,5.717917171536799,0.0,14.76237856951973
0.208,0.598,0.307,0.777,0.289,4.489543843741151,0.0,1.8143219994774404,0.0,11.1290443086922
0.449,0.251,0.798,0.501,0.557,5.1404757931403715,11.3037283656283,0.0,2.8290511287872144,3.40700450747246
0.24,0.65,0.326,0.739,0.323,7.916332870427708,0.0,1.8797161468461294,0.0,7.073629773550879
0.314,0.222,0.483,0.539,0.239,1.0300239036076504,9.596117595633123,0.0,0.0,2.8750886753481333
0.665,0.472,0.515,0.464,0.44,0.0,10.1436481438769,4.373896893192329,0.0,12.233877033872623
0.536,0.293,0.309,0.717,0.768,0.0,12.930539717006903,2.2612883936767756,0.0,5.697451624448862
0.424,0.362,0.586,0.445,0.215,1.4115108986605642,10.665719286556696,0.0,0.0,5.7567694341021
0.294,0.63,0.595,0.216,0.333,0.0,2.5545607937600807,0.744599839008702,10.370839093643442,3.263742199999873
0.339,0.603,0.212,0.262,0.68,0.0,0.9284322299999735,8.299571767690747,5.812973910631997,0.0
0.307,0.592,0.343,0.26,0.346,5.682200473134108,0.0,1.319778727678079,9.506141740763006,0.9048180801795597
0.633,0.713,0.698,0.438,0.601,1.1590305083664227,5.474149209120159,2.764367618176605,21.817109415534887,0.0
0.323,0.376,0.738,0.208,0.251,0.5739879228136155,5.181263073631049,0.0,9.928190708098175,0.0
0.325,0.216,0.309,0.55,0.453,0.0,10.20811916429127,0.7856085157486747,0.0,3.4706760094064393
0.736,0.69,0.405,0.356,0.428,0.0,3.8773416062607353,7.804209961802499,11.79656887904188,2.4132209009268015
0.554,0.361,0.574,0.446,0.531,0.0,18.52120948426098,0.0,1.859035729847987,4.182790801920926
0.462,0.377,0.769,0.658,0.284,2.277777811325585,12.391193469842774,0.0,0.0,7.758616206601261
0.721,0.492,0.737,0.68,0.455,0.0,10.882349009453199,0.0,0.0,19.008274820862788
0.213,0.361,0.525,0.58,0.355,3.253235466981523,6.327863693355211,0.0,0.0,9.788233863277215
0.284,0.701,0.791,0.515,0.303,5.345678103053252,1.9765287844213844,0.9979079941545114,3.658723793912194,10.722438799702092
0.363,0.211,0.749,0.271,0.546,0.0,10.330298506747017,0.0,3.620202416733971,0.0
0.364,0.533,0.591,0.698,0.324,5.409443808959359,4.961183495254703,3.4982443085938155,0.0,8.893077033864921
0.207,0.282,0.74,0.724,0.558,7.009164847244246,9.2101542765396,0.0,0.0,1.9303547504017045
0.56,0.599,0.305,0.749,0.451,0.0,5.597074591433709,7.571036531061579,0.0,12.409018560057852
0.43,0.511,0.228,0.3,0.643,3.1073384114809754,0.0,8.643058539897266,7.89715528447026,1.5999997279102471
0.25,0.562,0.347,0.434,0.373,8.063802843823993,0.0,4.741655604341783,0.0,6.468438033865271
0.413,0.631,0.378,0.54,0.486,6.175023675249823,5.90538542543342,5.188055604341768,0.0,9.661395383004761
0.598,0.762,0.64,0.329,0.219,1.0929773132231495,2.976356473045492,0.8027573236088063,10.426365737227338,5.842513142424719
0.357,0.557,0.231,0.498,0.558,4.354671525974809,0.85253223,9.131512246815312,0.0,3.3244554884306683
0.401,0.663,0.264,0.245,0.637,0.0,5.080195596119426,1.8024906056155836,11.858416772253703,0.0
0.497,0.613,0.461,0.348,0.691,0.0,4.686241983120273,1.7999519363509915,17.139947803552875,0.0
0.68,0.617,0.363,0.554,0.417,0.0,6.986270074351337,9.829863641603689,0.0,8.263660441025765
0.255,0.75,0.282,0.77,0.468,9.447949237612518,0.0,3.8056556043417644,0.0,6.651893091091554
0.311,0.525,0.724,0.639,0.684,10.468823114125975,9.889609146655006,0.0,3.628821522492321,4.201528567734001
0.595,0.615,0.71,0.35,0.494,0.0,4.702000127640113,2.8131987919402626,17.243154008384952,0.0
0.333,0.793,0.766,0.224,0.623,0.5928602642824553,6.104474989918704,3.041077602835651,10.75758388274324,0.0
0.755,0.308,0.541,0.749,0.22,0.0,8.93539866759971,1.4097850664152407,0.0,5.894316536968596
0.618,0.378,0.755,0.783,0.767,0.0,18.659659788845982,1.9855341260819221,0.0,5.957129119253738
0.485,0.717,0.707,0.391,0.697,0.0,5.740209992224435,2.800990998496972,19.35881959457776,0.0
0.222,0.558,0.338,0.272,0.246,4.326371623369095,0.0,2.009080555293854,4.366477141458031,5.538916017919195
0.618,0.404,0.635,0.239,0.389,0.9885849599999998,0.7844755193577038,2.5080039559182556,12.487729390310607,1.0217138105400585
0.524,0.674,0.391,0.576,0.732,0.0,9.35521353346208,10.7811949469461,13.545531026873068,0.0
0.57,0.34,0.215,0.722,0.213,0.0,5.582052924683145,2.778154138410714,0.0,5.68793606194475
0.725,0.517,0.763,0.679,0.799,0.0,25.91129032472929,2.007057455415287,0.0,6.210525614525009
0.41,0.66,0.441,0.488,0.577,13.618439043379025,0.0,6.095255604341759,9.42044378954148,0.0
0.724,0.79,0.661,0.451,0.453,0.0,3.088499154239954,2.613804832405283,22.476969578852454,2.560992206068246
0.643,0.343,0.266,0.413,0.372,0.0,7.641611709605626,7.070047234924313,3.4820797825131597,3.9360517438786364
0.378,0.34,0.225,0.211,0.793,0.0,3.7276499963993404,0.8396055190050484,10.090991949722444,0.0
0.457,0.431,0.608,0.331,0.77,0.8268772985039721,3.2522508318002,2.398133814951294,16.287346649139092,0.0
0.672,0.254,0.451,0.727,0.767,0.0,12.190579310791211,1.1676476114152705,0.0,5.957129119253232
0.48,0.568,0.3,0.795,0.339,5.9122464150488145,3.2834364534321803,7.423005032614171,0.0,7.232600887351385
0.766,0.59,0.565,0.508,0.338,1.23278496,2.8729788017454947,3.3394453191378917,4.952054857862878,13.936823399613628
0.306,0.332,0.312,0.668,0.41,0.0,6.664576542096588,8.37882614943161,0.0,4.219360058070183
0.235,0.781,0.73,0.757,0.797,8.664690619838588,7.960478157947342,10.256855604341908,0.0,8.206275924817938
0.304,0.438,0.655,0.618,0.292,9.858006470037145,3.7075531319475163,0.0,0.0,7.949700127986406
0.689,0.335,0.334,0.522,0.556,0.0,6.728531192700753,9.004763891153084,0.0,5.920558073907469
0.548,0.255,0.726,0.359,0.278,0.0,12.756234703263985,0.0,0.0,3.0561387612770643
0.733,0.773,0.717,0.686,0.593,0.0,7.405660387323252,4.267808642103728,3.6271425927652534,24.93658536212632
0.531,0.252,0.445,0.424,0.356,0.0,12.548870939041253,1.1515051144144888,2.2298750863304724,1.2128217062808988
0.634,0.498,0.249,0.332,0.61,0.0,0.75518223,9.885085242403964,7.459993044957674,0.0
0.246,0.711,0.497,0.488,0.555,8.181892817107414,5.297004481431534,1.946445457641105,10.880621282022993,0.0
0.695,0.409,0.607,0.539,0.36,0.0,12.159526192290942,1.5873525334149792,0.0,9.932769434102042
0.727,0.678,0.595,0.71,0.72,0.0,22.59808017383773,8.312855604341767,0.0,10.13821256246766
0.625,0.702,0.618,0.608,0.571,9.48732840287398,6.589450088371089,3.663150951488811,0.0,16.006677033872545
0.652,0.295,0.729,0.723,0.218,2.7497008934699037,9.197521275001693,0.0,0.0,5.843169434102145
0.695,0.277,0.401,0.646,0.296,0.0,13.390489399463217,1.0331268030818992,0.0,2.2274494544824086
0.691,0.699,0.504,0.204,0.372,2.132773450964601,0.0,8.945647480539785,9.326176930599942,0.0
0.57,0.789,0.579,0.356,0.58,0.0,6.072958700879764,2.2801251450237148,17.552772622879584,0.0
0.524,0.668,0.264,0.657,0.525,0.0,7.297552057246132,7.013143803858483,0.0,10.461193867186262
0.778,0.405,0.58,0.759,0.262,0.0,12.141214258445311,1.5147112969149321,0.0,7.121209682389554
0.762,0.613,0.241,0.381,0.625,0.0,4.686241983119166,5.8551843756297615,11.977741409456527,0.0
0.24,0.549,0.408,0.573,0.227,6.610842586561334,0.0,2.3805437289715083,0.0,6.113107724962447
0.723,0.784,0.781,0.65,0.278,0.0,7.37949660049618,11.69930280096085,0.0,11.282888352726422
0.655,0.215,0.213,0.394,0.493,0.0,5.190130620742921,5.562106311686944,2.070436487496563,1.7016538048867842
0.662,0.61,0.468,0.364,0.798,1.06118496,1.2762677913366958,1.828436787712429,19.506136948366105,2.133582501643909
0.456,0.471,0.298,0.677,0.616,0.0,9.627808686755973,7.980502131973043,0.0,6.303734705373808
0.332,0.249,0.608,0.593,0.364,1.0924490482527947,11.985628083246755,0.0,0.0,3.0430013913722647
0.771,0.291,0.459,0.766,0.452,0.0,14.522160530749717,1.1891709407486502,0.0,3.4653135000809234
0.583,0.439,0.365,0.79,0.446,0.0,10.05758535236406,9.17964792677759,0.0,6.135447484221047
0.736,0.338,0.328,0.219,0.591,0.0,3.33590693317412,1.258739760474047,10.500036030184315,0.0
0.421,0.719,0.484,0.781,0.311,6.300016306481176,7.0624266204447705,2.8447253904541117,0.0,8.535970179293452
0.721,0.666,0.663,0.707,0.657,0.0,14.002275493625179,13.011318053408782,4.952096447933278,9.244386091579276
0.576,0.279,0.22,0.753,0.57,0.0,7.305445437098683,5.860646154962578,0.0,4.203420206716217
0.678,0.489,0.27,0.275,0.611,0.0,4.44956925288027,7.183854097055269,6.282011115311988,0.0
0.458,0.32,0.495,0.239,0.549,0.8287645326510857,2.377673810940214,1.9383069286801886,11.532784270555723,0.0
0.361,0.679,0.386,0.473,0.207,0.0,6.659411414133832,4.302308125518607,0.0,8.303443584945706
0.243,0.435,0.488,0.56,0.375,4.055491034364698,7.693328386602468,0.0,0.0,10.361554386004364
0.617,0.716,0.668,0.224,0.488,0.0,5.497786425897525,0.8389442029139719,10.783413429707602,3.8691557070789173
0.263,0.345,0.792,0.285,0.499,3.8314118396667913,4.7676471982987625,0.0,9.31071460576354,0.0
0.571,0.621,0.536,0.206,0.396,0.0,4.749274561199311,2.1051467723718,9.812307260504621,0.0
0.511,0.253,0.41,0.22,0.247,0.0,4.024882603950817,1.5628485064574567,7.965259832859099,1.6601462695424356
0.438,0.28,0.541,0.614,0.68,0.0,13.54699941102881,1.4097850664151637,0.0,5.268207397735574
0.32,0.3,0.263,0.582,0.624,0.0,7.434870502321469,6.984692088325725,0.0,4.937676664147308
0.219,0.762,0.231,0.525,0.625,7.5275157556162755,3.466401879185567,3.0807558882777593,6.794611961602019,2.710258962192265
0.723,0.628,0.681,0.404,0.689,2.0383608649163265,4.804428067020193,2.6951901220118972,20.062373054728468,0.0
0.248,0.737,0.529,0.69,0.471,7.99436989132938,0.0,3.209044560488676,0.0,12.087365318683506
0.586,0.516,0.639,0.249,0.236,0.0,3.9963849096945507,0.801464935062358,3.7724463188786523,9.501174273562079
0.348,0.296,0.723,0.332,0.786,0.0,10.901525986267082,0.0,8.854592032403001,0.0
0.402,0.309,0.674,0.595,0.499,1.3352134996497766,15.059929522831833,0.0,0.0,4.055087852060778
0.533,0.632,0.337,0.798,0.785,8.261817925099232,6.998525399516243,9.15052513655015,0.0,14.617044321811017
0.59,0.32,0.608,0.243,0.218,0.0,4.145463285950198,0.7614008901144003,1.676824035747739,8.727162340495093
0.355,0.478,0.721,0.636,0.646,5.268827098824107,18.182658277846762,0.0,2.703378730519895,2.75598784416434
0.455,0.408,0.423,0.793,0.224,0.0,8.694303316447003,3.5644744893284526,0.0,6.013077033872553
0.72,0.547,0.463,0.635,0.492,0.0,5.932101716183695,12.675035194881335,0.0,9.784441303647178
0.724,0.74,0.453,0.366,0.555,0.0,6.841366390138371,8.622963723566347,12.103952113523011,0.0
0.747,0.326,0.574,0.579,0.64,0.0,16.660932002964135,1.4591323714990287,0.0,4.951461778646505
0.279,0.629,0.745,0.308,0.343,9.070580654993243,0.0,0.9384581210088913,8.876106541783873,1.4533703655395995
0.783,0.309,0.713,0.495,0.348,0.0,12.61882024373861,0.0,0.0,6.910334338155423
0.722,0.467,0.509,0.416,0.556,0.0,4.298307942068281,1.9952766314043158,20.68064642614843,0.0
0.298,0.435,0.782,0.355,0.594,4.378254601302895,6.03577864114333,0.0,11.708750214778062,0.0
0.395,0.664,0.279,0.782,0.472,7.564219438897652,6.22333097299602,3.762455604341764,0.0,9.374288234836802
0.342,0.244,0.302,0.512,0.402,2.438063192272914,10.59645907244205,0.0,0.0,6.123316119122603
0.697,0.459,0.349,0.57,0.624,0.0,6.563571466164749,9.431539624144673,11.214438615942473,1.6597856286354626
0.3,0.301,0.222,0.642,0.598,0.0,7.5484622443916,5.819065012137526,0.0,4.727072946477908
0.485,0.707,0.683,0.551,0.721,0.0,6.84688972072829,2.703328650972645,27.62986672709625,0.0
0.324,0.267,0.362,0.234,0.519,0.0,3.599379108349354,0.0,11.268380298016487,0.0
0.762,0.224,0.273,0.471,0.76,0.0,11.030110803921591,0.0,6.443880786188729,0.0
0.39,0.504,0.225,0.289,0.792,0.6187110600000044,1.68784860162025,8.655512298262074,7.580896143820391,0.0
0.779,0.203,0.771,0.583,0.721,0.0,9.52990911417246,2.028580784748157,0.0,5.592871657301902
0.473,0.509,0.493,0.6,0.284,6.430300958966988,0.0,7.216470807680897,0.0,11.549017076449372
0.218,0.385,0.623,0.321,0.604,0.0,2.8898135078402842,2.459172782155362,15.746664038326056,0.0
0.782,0.256,0.604,0.466,0.721,0.0,12.294919318501375,1.5792812849152968,4.427444308508598,0.0
0.306,0.616,0.703,0.767,0.61,10.007925513667974,0.0,4.182301493935958,0.0,15.656362940219022
0.498,0.571,0.721,0.542,0.218,7.503070382080709,6.3068955822710535,4.2922392558652716,0.0,5.867802058530097
0.759,0.614,0.606,0.329,0.595,0.0,8.066094632509328,0.0,16.16577174673238,0.0
0.436,0.591,0.264,0.595,0.8,0.0,13.685580667196664,6.47181874398786,9.695213173299274,0.0
0.229,0.786,0.444,0.722,0.669,7.524613214389602,0.0,6.138455604341768,0.0,9.596047493319661
0.54,0.643,0.727,0.442,0.396,0.0,9.768765298339986,1.039035507751287,3.1321777243112354,16.44724751968965
0.601,0.685,0.657,0.679,0.461,0.0,9.021009857504854,3.901349435669073,0.0,19.24054375638828
0.691,0.272,0.527,0.203,0.395,0.0,4.493647311182597,0.0,9.69068090239072,0.0
0.42,0.438,0.617,0.433,0.469,6.284392227577012,8.26812530011047,2.434757195274484,7.195318429799509,1.9831603033071497
0.343,0.424,0.336,0.244,0.562,1.9204060479888032,0.0,1.2912938763162431,12.786424940152514,1.4920152373395283
0.601,0.572,0.478,0.428,0.718,0.0,5.236313994699523,1.8691294325154397,21.278892225074763,0.0
0.511,0.488,0.215,0.405,0.428,1.7729198661114023,3.7013579506191827,5.684104818437803,6.720958982401457,2.604402224794198
0.439,0.548,0.52,0.565,0.659,15.002897556939597,0.0,7.2328556043417604,6.996021020121333,1.7557102569895953
0.688,0.631,0.773,0.211,0.317,1.1040849599999998,1.3264019549850532,0.9746450003154022,10.948584416752363,2.6945528904185534
0.205,0.588,0.739,0.346,0.756,6.898411171284606,0.0,2.561918607113713,7.626509567354003,2.0194052766403185
0.236,0.761,0.411,0.261,0.492,0.0,2.9723513772885477,1.5964887123370586,12.67238011984393,2.7901692844582424
0.354,0.371,0.384,0.682,0.523,0.0,12.055307252810199,5.274455604341784,0.0,7.213067906803911
0.387,0.566,0.63,0.364,0.448,5.768797623749029,4.315925586900098,2.487657633516782,12.021343130881503,0.0
0.273,0.309,0.609,0.309,0.515,3.987652628705657,8.140632318780394,0.0,6.181482101402224,0.0
0.625,0.264,0.54,0.354,0.778,0.0,13.183382183938122,0.0,4.7920288606965675,0.0
0.49,0.684,0.53,0.226,0.58,0.8891560253533155,5.245656113578516,2.080731185488603,10.860943934451548,0.0
0.771,0.561,0.692,0.731,0.337,0.0,7.02821711283231,4.115117306089719,0.0,13.897285853944474
0.327,0.567,0.447,0.704,0.74,10.736971514859283,4.152019166262121,6.18165560434207,0.0,7.609249367124026
0.412,0.342,0.668,0.365,0.694,1.369894135563811,16.78153965005668,0.0,3.439870269335243,0.0
0.454,0.601,0.257,0.574,0.471,5.343177707368377,0.0,10.344552033284657,0.0,6.769110361068147
0.552,0.301,0.642,0.718,0.33,0.0,13.314273847142827,1.6815170992479584,0.0,4.038725369622368
0.257,0.214,0.585,0.564,0.528,4.14216974747729,10.044048845083417,0.0,0.0,1.8237904369187374
0.339,0.435,0.557,0.498,0.793,5.0188418363623075,16.344585910261014,0.0,4.740339053592792,0.0
0.282,0.617,0.443,0.457,0.631,9.522209481576152,0.0,6.124055604341765,5.624866347596939,1.6795316838161964
0.615,0.795,0.277,0.262,0.635,0.0,0.0,4.599155773931507,12.699182892112404,0.0
0.547,0.364,0.248,0.251,0.737,0.0,4.0958632944898135,3.3184492140960002,9.521971033545187,0.0
0.315,0.394,0.336,0.413,0.242,4.643863942668815,3.7879280691671364,2.340758209678975,0.0,6.567060184854683
0.511,0.241,0.68,0.34,0.524,1.7132324311111666,10.991038135171017,0.0,5.626240365380669,3.7099339811445207
0.728,0.591,0.52,0.395,0.4,0.0,4.5129023933985755,3.152501753960804,13.024588848117855,5.55028805894651
0.602,0.796,0.597,0.535,0.638,0.0,7.374994436700195,10.499281377600418,17.912866078256524,0.0
0.479,0.236,0.537,0.775,0.305,0.0,11.996875648465668,0.0,0.0,3.4271490101438458
0.614,0.321,0.521,0.258,0.47,0.9883110599999999,3.1741515938775415,6.429710864840479,13.561743339993109,0.0
0.654,0.409,0.599,0.677,0.756,0.0,20.85094750399829,1.5658292040815955,0.0,5.872580205155788
0.341,0.44,0.291,0.795,0.756,5.050089994169941,8.30746173384541,3.9352556043417612,0.0,7.770115724273733
0.524,0.705,0.513,0.574,0.253,7.9092964335813924,6.618354229058659,3.0218473402304604,0.0,6.848277033872571
0.653,0.277,0.696,0.669,0.625,0.0,13.996062188963274,2.649796874049228,0.0,4.836031904508757
0.222,0.382,0.358,0.416,0.253,7.487317484845179,0.0,5.093077897381967,0.0,3.9944910141729024
0.762,0.532,0.383,0.438,0.468,0.0,4.983311281004875,10.398897952259244,7.2915330406886385,2.7747666787812935
0.56,0.509,0.752,0.498,0.795,0.0,3.866818468080239,2.9841079001110185,24.88041316592812,0.0
0.711,0.325,0.758,0.27,0.69,0.0,5.223371108693638,0.0,13.133204587768395,0.0
0.428,0.727,0.721,0.684,0.674,14.611177900901223,0.0,4.292239255863954,0.0,15.125527969061555
0.383,0.249,0.442,0.304,0.617,1.2693202914136636,11.929729291515415,0.0,2.8434146615183784,0.0
0.408,0.785,0.585,0.693,0.28,6.096903280730539,7.727401710855914,3.4615983879504797,0.0,7.643170179293468
0.717,0.754,0.492,0.564,0.659,0.0,5.797191171780035,6.829655604341765,22.62765154528478,0.0
0.305,0.502,0.439,0.288,0.421,4.487623153630084,3.973971236882407,1.7104281177840395,9.402826874747301,0.0
0.241,0.215,0.281,0.778,0.53,3.0923782488635236,10.096014771212394,0.7102768630816356,0.0,1.8308947244842653
0.779,0.459,0.387,0.504,0.464,0.0,10.127586492617164,10.64842120749232,0.0,4.79440771873437
0.263,0.584,0.33,0.572,0.59,4.042795064341779,11.139684962846555,4.496855604341765,0.0,6.031406801863902
0.291,0.237,0.668,0.476,0.235,1.4025020135294937,7.430310971594921,0.0,0.0,6.353869103734736
0.797,0.235,0.617,0.79,0.344,0.0,11.622260926607817,0.0,0.0,3.883594666273941
0.285,0.273,0.382,0.261,0.615,4.1751415755524555,3.6892458844995777,0.0,8.483834192096834,0.0
0.237,0.506,0.798,0.688,0.569,7.809500236962498,7.32933053139806,0.0,0.0,9.317691367990125
0.384,0.574,0.516,0.456,0.278,5.17302645528393,2.1513401976493216,3.0401703005520893,0.0,11.348574447478263
0.732,0.47,0.317,0.421,0.448,0.0,5.532618765898599,4.309655604341765,6.954217139386112,8.88210455226352
0.697,0.64,0.662,0.207,0.45,1.1189349599999998,1.347888025119351,2.617874096886195,10.719916679169781,2.7627992856045434
0.489,0.212,0.356,0.656,0.282,0.0,9.999439148869893,0.9120580755819689,0.0,2.1165884878014833
0.521,0.329,0.207,0.345,0.786,0.0,6.600621891492381,5.391396018490223,4.087233187814226,0.0
0.681,0.776,0.493,0.266,0.529,2.3487063329051665,1.5991221639316264,7.9619777352515,14.021049434195845,0.0
0.473,0.707,0.259,0.493,0.29,6.430300958967509,0.0,7.006093188840401,0.0,8.061668415949368
0.395,0.642,0.486,0.426,0.437,0.0,7.338081219905428,2.856940697335433,7.082719163380589,12.132652814095067
0.476,0.671,0.735,0.773,0.672,7.159340646195092,12.592042101646486,4.377746404033814,0.0,12.928013368056737
0.389,0.613,0.463,0.353,0.705,5.800045781556299,5.767895072121989,1.808090465311312,11.656449268398575,0.0
0.223,0.741,0.477,0.582,0.596,7.443198223649189,0.0,6.623155888277781,0.0,10.812757445934466
0.737,0.582,0.568,0.24,0.511,0.0,4.441990743060183,2.2353632357406505,11.566812742643476,0.0
0.29,0.642,0.507,0.608,0.225,8.763903569842803,0.0,2.9852014195870966,0.0,6.070137141154017
0.251,0.63,0.243,0.243,0.207,4.212498740130116,0.0,4.585098082817212,0.0,5.428876924389895
0.774,0.643,0.412,0.378,0.41,0.0,5.917046380920185,7.951316441101382,6.255838749713939,5.687586091579597
0.665,0.597,0.311,0.304,0.259,0.0,2.3155156731499202,3.4502808311588002,2.536825628702314,10.528442833192436
0.596,0.659,0.359,0.213,0.249,3.142453519737565,3.4521021302572494,1.3848869593627688,11.058922826541535,1.7986422611273714
0.781,0.377,0.662,0.575,0.429,2.6496096007858334,18.607489784989955,0.0,0.0,3.280628637952734
0.323,0.273,0.569,0.665,0.586,1.0612364759303208,13.181809384042086,0.0,0.0,4.523855192876894
0.518,0.225,0.781,0.679,0.376,0.0,11.083943251665248,0.0,0.0,4.263851609215949
0.788,0.561,0.549,0.649,0.687,0.0,11.546448204880749,15.121882730699706,0.0,7.169141576665096
0.594,0.277,0.403,0.757,0.335,4.6942678460288,12.110887858538675,1.0385076354146567,0.0,4.664570107805021
0.423,0.459,0.464,0.568,0.766,6.331264464288931,8.681157854338979,6.426455604341772,6.837597096305008,0.0
0.344,0.273,0.318,0.732,0.587,0.0,14.774945484903876,0.0,0.0,6.563206789618234
0.372,0.69,0.717,0.708,0.751,13.988240817751008,5.075826339742851,10.069655604341808,0.0,8.051379144456192
0.351,0.653,0.476,0.705,0.637,1.014975386399255,7.971079535041192,13.246390096446808,0.0,12.556477233039544
0.666,0.594,0.306,0.527,0.791,0.0,5.450121840180071,8.213947554267266,13.374833834030593,0.0
0.762,0.226,0.299,0.279,0.636,0.0,10.72981920284392,0.7587043540818915,2.5989656419214278,0.0
0.691,0.328,0.504,0.704,0.64,0.0,16.051159596081167,1.3102396682483677,0.0,4.951461778647065
0.525,0.554,0.505,0.379,0.539,0.9552092204953412,4.401154563755761,1.978999573483153,18.767926277282623,0.0
0.613,0.724,0.582,0.657,0.296,0.0,9.607529824639478,3.4432754276288993,0.0,12.113798957611442
0.477,0.206,0.348,0.636,0.795,0.0,9.686419125738523,0.8905347462483514,0.0,6.529442745520823
0.26,0.441,0.68,0.322,0.533,8.881786022806523,4.839656073446804,0.0,5.264445043091835,2.4533100378660535
0.64,0.57,0.313,0.413,0.67,0.0,1.8298985946522999,12.737538379028726,9.365829471824245,0.0
0.533,0.203,0.657,0.221,0.647,0.0,9.899644366793991,0.0,3.305276804914576,0.0
0.321,0.775,0.421,0.396,0.289,10.736521089709324,0.0,5.4698089593488595,0.0,3.9451860915792745
0.383,0.726,0.798,0.421,0.469,0.0,2.8321730257957416,1.0069547139811075,20.942578787879313,4.67030876861106
0.633,0.732,0.556,0.435,0.448,1.1590305083663868,0.0,9.586418657590865,21.65917123429309,0.0
0.617,0.202,0.572,0.413,0.677,0.0,9.477739110317325,1.4931879675820239,3.909212386962592,0.0
0.256,0.553,0.489,0.585,0.239,7.086854726089936,0.0,2.957743198143466,0.0,6.465409692329321
0.548,0.537,0.536,0.562,0.606,0.0,11.034811000047027,14.752010428774213,0.0,6.198993204023504
0.683,0.362,0.695,0.499,0.246,0.0,7.630101709560891,0.0,0.0,9.955436156617806
0.235,0.401,0.671,0.625,0.673,3.393937630357517,15.013189957629619,0.0,0.0,5.332070797450175
0.51,0.464,0.288,0.397,0.46,0.0,4.211342446380315,7.696878237301223,9.341666130398103,0.0
0.253,0.332,0.559,0.641,0.799,3.6751710506275774,12.311239347876331,0.0,3.4135065646331983,2.786421402051346
0.76,0.586,0.453,0.582,0.671,0.0,12.079403626582726,12.390518039553603,3.917573427779435,2.8651926355849113
0.271,0.446,0.704,0.43,0.543,8.792848845015461,0.0,2.788783205058361,12.668113863586354,0.0
0.553,0.311,0.417,0.401,0.216,0.0,6.5198241546596964,0.0,0.0,8.666181675442001
0.215,0.699,0.364,0.511,0.379,7.668866855604799,0.0,4.986455604341762,0.0,5.348253900668615
0.764,0.356,0.458,0.724,0.705,2.7144246246915924,16.547542517842064,1.1864805245816734,7.376549932639141,2.4109426558085993
0.312,0.682,0.475,0.49,0.28,0.0,8.980105454597547,2.7897565094882446,0.0,11.421343756388422
0.248,0.637,0.498,0.462,0.638,7.654742618258266,4.729054885924578,1.9505147221213124,14.762885866365009,0.0
0.659,0.295,0.566,0.281,0.651,0.0,5.379891617413407,2.062605072235044,13.72863405042198,0.0
0.594,0.774,0.241,0.234,0.369,0.0,0.0,5.020840928768521,11.3143848020669,0.0
0.357,0.348,0.744,0.35,0.363,5.300075256632329,11.411930808204787,0.0,0.0,4.55910064767742
0.656,0.47,0.666,0.239,0.493,0.0,4.972098433648326,2.6341511548068417,11.542001162176884,0.0
0.22,0.238,0.744,0.284,0.519,3.1595764467994902,7.566829449112763,0.0,3.9168245590728663,0.0
0.447,0.408,0.74,0.213,0.598,0.8080049570341209,5.644729144146043,0.0,10.186590837369078,0.0
0.778,0.536,0.762,0.231,0.451,0.0,7.49859342620755,0.0,11.099872059922902,0.0
0.356,0.638,0.789,0.354,0.593,2.8707982151820457,4.883218789619557,3.134670685880178,17.513563864284503,0.0
0.319,0.539,0.478,0.783,0.565,12.005551231492506,10.862612955590448,0.0,0.0,6.626540876689025
0.41,0.268,0.291,0.335,0.351,0.0,10.828944102672555,0.0,0.0,7.033757553699647
0.71,0.537,0.514,0.269,0.716,0.0,4.9749202481933965,2.0156229538047836,13.083682625585931,0.0
0.634,0.241,0.625,0.526,0.249,0.0,11.512369260673083,1.635780024415333,0.0,1.9652610839359483
0.475,0.491,0.299,0.767,0.71,0.0,10.054173024117434,8.008953847505726,0.0,7.414069283985042
0.601,0.477,0.447,0.591,0.527,0.0,15.695482919352317,6.181655604341823,0.0,7.269872604948068
0.237,0.508,0.684,0.476,0.231,6.9406698623694325,6.195114332818901,0.0,0.0,6.205314863257148
0.672,0.321,0.355,0.299,0.398,0.0,6.191028853798627,2.277977560856565,9.781875343867549,0.0
0.654,0.512,0.323,0.727,0.728,0.0,10.501855578340855,8.691795020292496,0.0,7.605751837541584
0.722,0.343,0.471,0.791,0.663,0.0,16.66936667068877,1.221455934748588,0.0,6.053616254630438
0.216,0.239,0.478,0.746,0.523,3.097080131183975,8.669479830384685,0.0,0.0,4.1180426331589155
0.499,0.263,0.594,0.693,0.428,0.0,13.258784294902975,0.0,0.0,4.7306076078440515
0.665,0.779,0.322,0.514,0.372,0.0,7.331323032681671,8.026809759847552,0.0,10.162665315061595
0.676,0.547,0.581,0.679,0.438,0.0,11.842099113523703,4.954569487268843,0.0,12.176277033872543
0.749,0.52,0.295,0.618,0.676,0.0,5.633426431789546,11.309555953893959,4.165827259319353,5.633987890139159
0.39,0.714,0.744,0.366,0.79,5.815669860460395,5.482028281380099,2.9515537842696147,12.090249832020367,0.0
0.284,0.321,0.311,0.736,0.593,4.159517496648445,5.966943926547998,4.223255604341761,0.0,6.062829252269199
0.291,0.464,0.569,0.25,0.729,5.367617752654226,0.0,2.2394325002210835,9.116166654582434,1.9460056319955623
0.682,0.503,0.78,0.451,0.79,0.0,13.307671425477967,2.052794530247765,15.02997080029127,0.0
0.601,0.581,0.3,0.729,0.456,0.0,6.315781977308716,8.037405563038469,0.0,9.046165779787927
0.297,0.208,0.536,0.516,0.632,0.9710668225542176,10.181142808566326,0.0,0.0,5.956530469373378
0.734,0.248,0.639,0.312,0.715,0.0,11.877559287660066,0.0,4.971079824005831,0.0
0.691,0.524,0.626,0.389,0.483,0.0,5.481220851262964,0.7846638839556259,19.299281094038793,2.077731289439676
0.693,0.476,0.415,0.497,0.697,0.0,9.88797586221126,11.309352849308063,5.961936767866136,0.0
0.401,0.304,0.627,0.696,0.26,1.965544924391537,9.827491310063126,0.0,0.0,7.07386910373563
0.344,0.285,0.409,0.47,0.649,0.0,14.430874576345047,1.026544573686497,2.48368881892327,2.2535998346346995
0.591,0.573,0.411,0.705,0.483,2.058266836666225,5.346572038807999,11.328904818437797,0.0,9.599872422682646
0.787,0.58,0.276,0.606,0.395,0.0,5.661948778513843,6.9299796450675135,0.0,10.76708630063629
0.612,0.242,0.305,0.713,0.336,0.0,11.564539264527868,0.7748468510819807,0.0,2.5441950735713568
0.702,0.368,0.586,0.616,0.508,0.0,17.966418996834335,1.5308537939152513,0.0,4.354860034544992
0.383,0.328,0.22,0.382,0.592,4.586105823462977,1.9371834174102833,8.686204735149989,2.5383854747794112,0.0
0.763,0.723,0.66,0.673,0.599,0.0,7.9182113031818355,12.950839946488912,0.0,16.813077033872762
0.356,0.744,0.602,0.536,0.267,10.440892181281608,0.0,3.56542849643991,0.0,7.272687105115122
0.468,0.476,0.719,0.528,0.428,7.03434801496337,8.46676823875501,0.0,0.0,11.89116943410219
0.786,0.266,0.454,0.225,0.644,0.0,4.5725662183606754,0.0,10.818529623904347,0.0
0.751,0.368,0.715,0.375,0.746,0.0,16.52804718702481,1.8779174794143547,5.2341114111905815,0.0
0.652,0.683,0.211,0.778,0.636,11.803320650178543,1.0604322300000002,5.505202880621287,0.0,12.716324692971993
0.383,0.698,0.369,0.724,0.268,0.8866246515324091,0.0,9.223793752012892,0.0,10.825422039511722
0.622,0.524,0.258,0.345,0.207,0.0,0.84288039,6.07155932123846,0.0,8.27021113722115
0.481,0.381,0.559,0.378,0.38,0.0,11.219469703871269,1.4582125574150735,0.0,10.502316536968632
0.646,0.229,0.742,0.711,0.601,0.0,10.88632921440959,1.9505587159146867,0.0,4.763428645780843
0.556,0.735,0.311,0.247,0.344,0.0,0.0,6.3739253147405215,11.957288624943367,0.0
0.677,0.221,0.55,0.797,0.713,0.0,10.468969183567605,1.4339988119153544,0.0,5.52952253348419
0.513,0.238,0.699,0.559,0.269,1.720168558293827,10.292367572324924,0.0,0.0,3.5951868802190616
0.256,0.746,0.602,0.698,0.727,9.227331491893546,5.565629290119294,8.413655604341768,3.960324575313779,4.356648919885122
0.543,0.51,0.458,0.39,0.461,0.9891794351405431,6.16053333964536,8.175678635014638,12.873909321404321,0.0
0.664,0.561,0.736,0.466,0.564,0.0,8.002851139699468,0.0,23.240300058489634,0.0
0.579,0.555,0.622,0.342,0.507,0.0,4.229255792039904,2.455103517675646,16.869613476954918,1.7829956218998233
0.263,0.431,0.493,0.591,0.77,8.515117035037864,11.188077146505696,0.0,2.5080593756948972,3.4596897236721142
0.56,0.646,0.504,0.58,0.243,1.6398484961742146,6.049906128870561,2.966878459263732,0.0,9.821958350438742
0.353,0.417,0.483,0.227,0.284,0.0,1.690172334702838,0.8902676428984778,10.971296379903302,3.7282969822602436
0.366,0.783,0.399,0.489,0.318,11.452819890499889,0.0,5.32157219817815,0.0,8.34612210479708
0.566,0.368,0.324,0.51,0.203,0.0,3.973456974199142,6.177291971448946,0.0,5.414194360181084
0.205,0.331,0.222,0.265,0.403,6.670505254815391,2.5267938448019662,2.9416556043417565,3.1742816726837053,0.0
0.682,0.543,0.508,0.376,0.759,1.251504981566678,4.134706924920101,1.99120736692365,18.61294781257652,0.0
0.438,0.252,0.57,0.268,0.407,1.4600637889400514,12.086239303081246,0.0,1.385307622236431,1.393981039202634
0.504,0.725,0.496,0.621,0.796,7.596814855503753,5.5686980762402225,6.887255604341769,10.441920843901425,4.778077007282928
0.279,0.365,0.437,0.453,0.447,4.081397102128856,13.432799574989287,3.2496658517477286,0.0,1.5360667905136431
0.745,0.628,0.565,0.386,0.694,0.0,5.7741102970194005,9.919410017182503,12.779316843409294,0.0
0.773,0.693,0.201,0.582,0.231,0.0,6.502737666307024,4.782776778485415,0.0,6.153351295510003
0.355,0.236,0.562,0.612,0.269,1.172214510854486,11.25151924139587,0.0,0.0,2.013646161597236
0.43,0.474,0.421,0.273,0.451,0.0,4.503018678694546,1.637181357139225,13.293015510597336,0.0
0.651,0.243,0.248,0.413,0.765,0.0,7.223417630881693,3.9375487339236424,4.92590917784707,0.0
0.601,0.607,0.417,0.556,0.206,2.0939352079863345,5.674152299933693,8.187561824032887,0.0,5.494677033872625
0.582,0.748,0.568,0.724,0.634,8.815493010007318,7.417939070144613,7.924055604341767,0.0,12.696590447939798
0.272,0.741,0.24,0.52,0.285,1.26749408171259,0.0,8.997491357238074,0.0,6.965990406850012
0.207,0.453,0.377,0.492,0.546,2.956463421048926,8.563148553130443,5.173655604341785,0.0,5.667628240486175
0.226,0.274,0.535,0.406,0.638,3.2533209202227256,10.040034487505606,0.0,3.840766661475317,0.0
0.591,0.707,0.615,0.458,0.604,3.581935823812906,0.0,2.4266186663136384,24.81836011304926,1.606192462342801
0.365,0.384,0.673,0.468,0.679,5.425067887863426,14.347491981312594,0.0,4.447000230076091,0.0
0.693,0.715,0.75,0.459,0.391,4.220513656935671,0.0,0.9449200637423264,15.31633506217116,10.820496952746044
0.549,0.423,0.561,0.623,0.613,0.0,21.007309962333814,1.463593389748684,0.0,4.8444600446668895
0.425,0.3,0.458,0.286,0.734,0.0,5.752331049651009,2.974224667491923,9.333981786464806,0.0
0.408,0.293,0.215,0.587,0.582,0.0,5.83316608424173,5.619009742752439,0.0,6.05099334759568
0.404,0.243,0.446,0.387,0.606,0.0,11.616709268383348,1.1541955305814637,2.032373772759669,2.1008576519753954
0.563,0.419,0.331,0.793,0.472,0.0,8.519261409616757,8.921615934800396,0.0,5.46975733926898
0.613,0.284,0.491,0.217,0.503,0.0,3.8487981208982665,0.0,10.377428626100896,0.0
0.778,0.431,0.223,0.219,0.433,0.0,0.6980850671180558,2.354032428988623,11.434283822767027,1.142798029351465
0.296,0.214,0.654,0.475,0.374,0.0,10.491793809229629,0.0,0.0,4.173205939967332
0.74,0.27,0.774,0.388,0.733,0.0,14.072866945812478,0.0,6.207752738499076,0.0
0.562,0.696,0.79,0.373,0.777,0.0,5.340204980698734,3.1387399503591924,18.43002536394792,0.0
0.434,0.431,0.404,0.525,0.292,0.0,4.88773277851442,8.414473537675052,0.0,7.989767039433946
0.532,0.525,0.657,0.7,0.464,8.034289064812299,4.884105787808062,3.901349435670269,0.0,12.92507703387259
0.381,0.356,0.317,0.235,0.405,0.0,3.182202642298688,5.4254069739451545,7.576860907423447,0.0
0.362,0.78,0.535,0.408,0.548,4.824580291905238,6.020282679641442,2.1010775078917687,18.147427020477625,0.0
0.284,0.466,0.576,0.493,0.441,4.159517496648364,4.513355440526903,3.406629506984939,0.0,12.279970179293388
0.796,0.728,0.574,0.542,0.572,0.0,5.592335293019315,2.2597788226208815,27.15094967222451,0.0
0.321,0.437,0.224,0.485,0.526,1.5091785710432242,4.780082782144394,8.894961319055698,0.0,5.35613242783755
0.337,0.778,0.746,0.633,0.52,10.41407304534754,0.0,4.444930591880006,0.0,18.04584811161991
0.722,0.278,0.674,0.275,0.677,0.0,4.154080462677526,0.0,13.167220956827252,0.0
0.365,0.726,0.766,0.289,0.478,5.142387971665643,0.0,0.9655982804882036,14.13896968346197,2.055432685014649
0.789,0.49,0.718,0.553,0.425,0.0,14.629931936114392,1.8859887279153058,0.0,11.798316536968777
0.371,0.322,0.657,0.432,0.507,0.0,16.45222674150682,0.0,0.0,5.63679956438327
0.495,0.546,0.719,0.788,0.445,7.45619814536899,9.780796078898955,0.0,0.0,12.380769434102147
0.697,0.659,0.544,0.774,0.32,2.28922804314598,6.287366650738708,3.2111845968876382,1.651349814584262,13.095824016437902
0.266,0.712,0.463,0.708,0.736,9.099464648521398,5.215735792999135,6.412055604341775,0.0,7.830878923962427
0.237,0.73,0.469,0.506,0.576,7.612488652609781,0.0,6.498455604341855,9.77763755117127,0.0
0.756,0.211,0.486,0.613,0.634,0.0,10.011807430771048,1.2618121772479782,3.2612717786055443,2.2003176778930618
0.616,0.281,0.38,0.415,0.683,0.0,14.098522231339178,0.0,5.6532507050541785,0.0
0.367,0.326,0.774,0.205,0.799,0.6570262252790784,4.457097338451028,0.0,9.77315063053568,0.0
0.606,0.697,0.377,0.209,0.643,2.0831862458379615,1.0256366999999997,6.435177477195397,10.823151888039837,0.0
0.7,0.644,0.286,0.652,0.661,0.0,8.05264464061049,11.470598717116378,0.0,6.778786514311491
0.595,0.66,0.708,0.568,0.253,1.758286247395149,6.1847921187458486,4.212839761138566,0.0,10.25395835043875
0.493,0.247,0.445,0.444,0.24,0.0,7.026791363316516,1.1515051144149708,0.0,6.470316536968702
0.409,0.267,0.685,0.769,0.243,1.3594899447892823,7.689978392718213,0.0,0.0,6.569086760410621
0.773,0.514,0.38,0.246,0.5,0.0,3.9062138293802215,2.6886300386928643,11.909515468547594,0.0
0.677,0.624,0.23,0.244,0.442,0.0,2.4236532585855017,6.118338908027545,7.166215715693061,2.496352517291496
0.377,0.339,0.369,0.682,0.758,1.744766696205334,16.792994690760636,0.0,0.0,6.939673405836155
0.443,0.744,0.393,0.486,0.336,6.64374604236671,1.20588039,7.478047976764315,0.0,9.222737731568838
0.584,0.787,0.562,0.415,0.589,0.0,6.057200556359339,2.210947648858336,20.642255364309122,2.081848180448975
0.274,0.733,0.502,0.47,0.552,9.694768596106245,1.1429322299999836,6.296502667702351,13.764690648469854,0.0
0.575,0.243,0.61,0.345,0.628,1.9351885009603262,11.616709268383271,0.0,3.2443110536576842,0.0
0.694,0.682,0.532,0.512,0.286,0.0,8.006459282066963,10.55414632316744,0.0,7.80459436018112
0.665,0.363,0.498,0.371,0.28,0.0,3.640536703472832,3.0142860046717423,2.010182105495769,11.438267449662982
0.578,0.233,0.649,0.391,0.2,0.0,4.50471457009305,0.0,0.0,7.95803221161961
0.507,0.228,0.366,0.624,0.238,0.0,10.834159210554494,0.9389622372486895,0.0,1.7681683068037222
0.704,0.202,0.348,0.645,0.39,8.748805562631262,6.122327287609237,5.632609801786682,0.0,1.336150726047103
0.261,0.416,0.362,0.706,0.388,9.91294860445175,1.5601097159831327,4.957655604341761,0.0,5.480090343936108
0.673,0.735,0.46,0.746,0.426,9.924961236821565,1.1462322300000405,15.299902566555609,0.0,7.031534759852913
0.778,0.254,0.612,0.496,0.433,0.0,12.190579310791696,1.6008046142486823,0.0,3.5033735852762473
0.58,0.622,0.203,0.3,0.628,0.0,4.757153633459457,4.83639715834271,9.332020709494008,0.0
0.6,0.78,0.657,0.77,0.622,0.0,10.316315949497646,3.9013494356704004,0.0,26.195743756388293
0.379,0.263,0.669,0.586,0.229,0.0,5.383902079707756,0.0,0.0,9.21458325948437
0.416,0.774,0.5,0.46,0.475,6.221895911961587,3.0244176221288344,2.942447845502751,7.690328349529229,9.313857675201248
0.325,0.421,0.422,0.231,0.661,0.0,3.8536769980428485,1.6412506216191662,11.119841643127613,0.0
0.45,0.693,0.71,0.327,0.594,1.8855292185524932,0.0,2.8131987919400863,17.428648128884003,1.5790074087705146
0.483,0.728,0.329,0.607,0.565,12.929521425797112,0.0,8.366521621719928,0.0,8.502738658713524
0.377,0.282,0.591,0.643,0.389,1.2485119098653261,14.119280269747863,0.0,0.0,3.0343665732580605
0.587,0.437,0.628,0.32,0.734,0.0,4.786251790648123,2.479519104557788,15.724490580069315,0.0
0.372,0.421,0.235,0.267,0.51,0.0,3.801592339199507,6.1880440534077845,6.089030194913881,0.0
0.361,0.701,0.209,0.427,0.402,2.977067115007947,1.0901322299999767,8.207946664402858,0.0,5.746363729001178
0.212,0.275,0.448,0.496,0.443,7.078057437323791,8.467474879511101,0.0,0.0,1.5218582153826201
0.519,0.557,0.206,0.478,0.778,3.7712736014265658,4.245013936560272,5.032660053261752,11.178901970403793,0.0
0.511,0.607,0.387,0.664,0.664,0.0,12.951429932277899,10.649305944309663,0.0,7.761840703481906
0.513,0.786,0.275,0.21,0.662,0.0,6.049321484099918,1.8882178141332,10.0496158673579,0.0
0.684,0.272,0.359,0.211,0.376,0.0,1.999478342460297,1.3848869593622823,10.070322772584388,0.0
0.664,0.511,0.409,0.423,0.201,0.0,4.835546712018029,2.3866513824125937,1.8883128786818932,8.003244740800607
0.38,0.588,0.785,0.708,0.214,1.0307400613242865,10.569212782985701,0.0,0.0,8.572050750668364
0.739,0.67,0.668,0.475,0.439,0.0,8.94717646155868,3.968533623516517,0.0,18.28798813214794
0.382,0.239,0.337,0.348,0.49,0.0,11.837587996583776,0.0,1.8203100763628821,3.4492463319310653
0.648,0.484,0.235,0.775,0.766,0.0,5.997384747098623,9.28516122494467,0.0,7.998006974675498
0.671,0.795,0.527,0.778,0.245,0.0,7.4854784496824855,7.729928337607695,0.0,9.850586385359666
0.419,0.335,0.317,0.284,0.573,0.0,2.4958598948399597,1.2139778511910415,13.837349248939933,0.0
0.669,0.547,0.288,0.687,0.582,0.0,11.425424671844885,7.695984976644705,0.0,5.947571226724345
0.433,0.604,0.356,0.407,0.75,5.317075522476194,0.0,9.728530659879862,9.3924776096241,0.0
0.374,0.482,0.734,0.625,0.237,0.0,10.813309430822956,0.0,0.0,9.585285652243842
0.288,0.205,0.579,0.469,0.281,0.9398542502317145,9.634249121882618,0.0,0.0,2.1086698473241383
0.775,0.518,0.345,0.5,0.608,0.0,10.797452622839147,9.325012517370917,5.272351416975293,2.698012585456902
0.246,0.365,0.684,0.476,0.528,8.807637777562785,6.77113112727678,0.0,2.677530361672102,3.2233764921120462
0.46,0.226,0.299,0.467,0.326,0.0,10.729819202843707,0.7587043540820249,0.0,2.465008668799199
0.23,0.706,0.789,0.676,0.712,7.816104817642974,5.258629508762146,4.31255485707623,3.8322543133970637,10.042971996427909
0.345,0.776,0.318,0.771,0.797,10.840493305533457,5.894950576856185,8.609816985584548,4.376260489041691,3.155644537711268
0.627,0.789,0.542,0.356,0.462,2.4552783220516905,0.0,2.1295623592532045,19.056958864650568,1.2201647016173476
0.556,0.244,0.573,0.789,0.314,0.0,12.001372499032028,1.4958783837482563,0.0,2.3725411142242456
0.676,0.745,0.766,0.776,0.513,9.298016961749418,2.1081605129404344,4.6980051323800565,0.0,21.503525366980536
0.786,0.654,0.297,0.486,0.631,0.0,5.009283945779709,4.365097048661686,18.903051876220243,0.0
0.348,0.584,0.6,0.298,0.539,0.0,4.457748887580205,3.8741446830211994,14.599397701893603,0.0
0.663,0.499,0.207,0.205,0.414,1.06283496,1.768105156338413,3.432099172508873,7.361278766769904,1.0896764444704976
0.756,0.337,0.581,0.333,0.393,0.0,7.77121987827596,1.5174017130815547,10.93457683312519,0.0
0.709,0.637,0.257,0.457,0.218,0.0,1.0293303900000002,6.131753117602539,0.0,8.744082846690754
0.489,0.597,0.271,0.373,0.439,0.0,0.0,10.275007245025474,9.271942116616254,2.597644729005209
0.752,0.796,0.227,0.657,0.423,0.0,2.53856262,8.942347500682391,0.0,8.15387827053529
0.435,0.653,0.751,0.771,0.546,6.518753411135395,6.117349123808329,4.475468859082388,0.0,15.286677033872671
0.414,0.673,0.351,0.538,0.415,1.246992488639824,1.0887303900000156,9.566772775878693,0.0,13.612789535828528
0.594,0.344,0.315,0.751,0.261,0.0,4.3715427273035825,1.8125319589994586,0.0,10.600543756388367
0.504,0.333,0.223,0.222,0.305,0.0,2.480101750319874,0.8314669900444638,10.637956899158446,0.0
0.72,0.369,0.77,0.549,0.462,0.0,16.03515704849102,2.025890368581092,0.8775414538762434,8.992417728788274
0.548,0.51,0.655,0.369,0.412,0.0,3.8746975403402333,0.8221431518090976,18.237315235788373,1.7610911066046122
0.736,0.768,0.736,0.452,0.668,15.468989708002235,0.0,9.58500534885253,15.032503147706027,0.0
0.486,0.499,0.323,0.555,0.312,0.0,4.845842985733668,3.5434705342587645,0.0,12.83944358494564
0.399,0.713,0.324,0.243,0.241,0.0,2.7801067809542794,1.8675008399654565,3.519825620221924,9.714717268296576
0.764,0.504,0.446,0.687,0.701,0.0,11.518235852487583,12.354919488917256,0.0,7.194037466848852
0.399,0.616,0.663,0.593,0.291,0.0,8.08020859068925,3.937995356312901,0.0,11.896543756388775
0.726,0.523,0.369,0.455,0.223,0.0,7.034987849472296,2.142345244789556,0.0,8.976236901809145
0.277,0.659,0.2,0.45,0.514,8.214379235357988,0.9629367,5.2049251365501865,5.519024631525719,0.0
0.233,0.784,0.336,0.383,0.382,0.580403671092151,3.0644685796982696,4.583255604341765,8.605228516732478,7.517789851487671
0.338,0.201,0.638,0.78,0.335,0.0,9.791980831805922,0.0,0.0,3.719025009722973
0.598,0.645,0.709,0.454,0.382,1.0929773132226879,6.040271415308026,5.232571724184742,7.521845147070078,10.575261970789391
0.395,0.628,0.69,0.309,0.423,0.0,3.5556048517937846,0.8673767509423651,15.163160888771255,3.61902382436766
0.741,0.684,0.791,0.653,0.436,0.0,8.635459386052283,4.719774996704573,0.0,18.17408585394445
0.554,0.597,0.247,0.527,0.626,0.0,13.318546852656901,6.616421207491875,0.0,6.4084762067236785
0.3,0.668,0.55,0.771,0.225,4.80104660661211,2.527348413797899,3.2478305175306814,0.0,9.056614738134245
0.359,0.561,0.378,0.629,0.655,12.154027331206173,0.0,5.188948864997772,3.568246603013518,5.85476388465847
0.262,0.508,0.505,0.422,0.76,3.8157877607625785,3.8589393958201073,1.9789995734832964,14.019637463909243,0.0
0.697,0.618,0.629,0.477,0.753,0.0,5.757857345280106,2.483588369037065,23.8331280032526,0.0
0.617,0.637,0.717,0.364,0.684,0.0,7.313655664898676,0.0,17.946885012103344,0.0
0.317,0.407,0.401,0.787,0.714,4.675112100476763,9.843557759692274,5.538672067978838,0.0,5.291919753435965
0.621,0.636,0.537,0.768,0.498,0.0,8.351762361929634,10.661419565980701,0.0,13.904277033872942
0.428,0.298,0.672,0.641,0.431,1.4253831530258254,14.579829045675435,0.0,0.0,3.3734212911339267
0.215,0.703,0.207,0.622,0.782,7.015840596990392,5.235604525162135,2.725655604341762,7.71131105252616,0.0
0.463,0.341,0.623,0.69,0.528,0.0,17.42595979714582,0.0,0.0,6.059312962938757
0.78,0.231,0.503,0.631,0.718,0.0,12.046376554827429,1.6428868815845357,0.0,5.573928090145679
0.308,0.68,0.532,0.438,0.279,4.534495390341769,6.493368128532478,3.1378927556009732,0.0,7.602994360181071
0.719,0.294,0.386,0.374,0.723,0.0,14.910465060401648,2.8251140690537033,3.5193375900042825,0.0
0.604,0.678,0.35,0.575,0.543,13.287429490705023,0.0,13.732653913995344,0.0,4.715543795816543
0.7,0.744,0.207,0.604,0.231,0.0,1.20588039,8.202410360377279,0.0,6.185623710254768
0.529,0.373,0.384,0.412,0.573,2.216499594198396,12.28560501456231,5.274455604341769,2.1683120396764606,3.5153696632941793
0.4,0.64,0.443,0.241,0.67,0.719304952128203,4.898976934140254,2.6599353207866496,11.657750441184277,0.0
0.371,0.46,0.611,0.399,0.234,5.514702786859304,3.4532492078142374,3.620397377403839,0.0,9.42820733405558
0.424,0.767,0.585,0.603,0.579,5.708458615474432,7.215706469933242,3.560866467771336,0.0,21.45296996785237
0.319,0.451,0.651,0.261,0.367,4.706360258284,2.504257638733523,0.927523051233337,8.515845105364855,3.1195074808718077
0.366,0.459,0.788,0.241,0.511,0.65513899113165,6.475115945148893,0.0,11.647330492132168,0.0
0.308,0.782,0.268,0.442,0.643,4.534495390341482,6.017805195060216,3.6040556043418137,10.31048782861552,0.0
0.623,0.454,0.408,0.439,0.359,0.0,5.871370833820927,2.38054372897193,0.0,14.834143756388318
0.323,0.49,0.361,0.372,0.594,4.7688565738998285,3.717116095138435,4.943255604341761,8.621904775135146,0.0
0.781,0.562,0.246,0.245,0.771,0.0,4.284409297859478,1.6622097189503509,11.858416772253772,0.0
0.378,0.255,0.559,0.574,0.589,1.251979973456368,12.242749314646728,0.0,0.0,4.547611114308388
0.36,0.209,0.779,0.351,0.606,1.1895548288116913,9.462199182770796,0.0,4.126100290011129,0.0
0.624,0.566,0.388,0.363,0.559,0.0,0.0,7.126721243288466,17.925884879595937,0.0
0.72,0.768,0.264,0.293,0.767,0.0,6.159178255118582,7.09530481843776,8.781420258956247,0.0
0.642,0.73,0.322,0.553,0.621,0.0,3.7417372089477277,8.026809759847218,17.616460123872052,2.691456916955626
0.608,0.445,0.209,0.55,0.352,0.0,1.6544043065536864,8.242226343445216,0.0,6.7324920332049025
0.47,0.775,0.439,0.704,0.313,13.453517092288985,0.0,2.5698809856287634,0.0,8.58990772496255
0.603,0.786,0.261,0.205,0.46,0.0,3.072478771210324,1.7449068384381214,9.807391870127827,2.6021265534711384
0.256,0.649,0.749,0.46,0.355,4.215355123094858,2.649047929243544,0.9436276751955617,7.1460317159969176,9.767165346893226
0.461,0.634,0.205,0.554,0.568,0.0,2.003962620000181,7.999609758961223,0.0,11.052619408608148
0.583,0.345,0.628,0.255,0.32,0.0,4.0281917059986005,0.0,12.366289745490757,1.2133621774766774
0.726,0.643,0.208,0.349,0.329,0.0,3.589064661001603,5.419847734023091,4.423643592943609,6.427091220341556
0.362,0.349,0.238,0.475,0.64,0.0,7.026986228853511,6.273399200006234,5.690584345230833,0.0
0.564,0.604,0.249,0.771,0.703,8.937918329496302,0.0,9.979779873975865,0.0,4.210065237311583
0.683,0.694,0.76,0.527,0.32,1.2533922157131088,6.833780612657184,4.530437740047677,8.779392442854782,8.786188392903526
0.57,0.646,0.643,0.513,0.241,0.0,8.489252619740583,3.8158422875025653,0.0,9.736543756388304
0.423,0.752,0.551,0.523,0.361,6.776108616405997,3.003842968611524,3.2539381709711725,0.0,14.946366327356877
0.421,0.737,0.6,0.672,0.473,6.300016306480845,0.0,10.492981445037394,0.0,13.200729754468709
0.578,0.349,0.623,0.457,0.466,0.0,18.245272973364486,0.0,0.0,5.24716323990014
0.59,0.762,0.238,0.695,0.375,0.0,8.358315132120211,6.2733992000063745,0.0,7.385045851102708
0.466,0.213,0.381,0.502,0.234,0.0,10.051609152724982,0.9793184797484472,0.0,1.7364937448948223
0.495,0.756,0.263,0.659,0.446,0.0,7.109724620746153,6.577620292303578,0.0,12.191051655021147
0.593,0.356,0.296,0.296,0.242,0.0,3.315059614032744,1.6964865436299295,1.3031632468710679,9.77444474080064
0.311,0.599,0.729,0.688,0.611,10.181507894904716,4.392359243916101,4.341100483389872,0.0,11.191908970509457
0.266,0.374,0.386,0.35,0.509,4.8775818056280915,2.803143712979748,1.494757100330123,11.53899622290923,0.0
0.521,0.414,0.412,0.697,0.674,0.0,8.412670325275721,11.223997702709712,0.0,6.911235413204332
0.385,0.748,0.772,0.396,0.413,1.1401909653851094,2.920285132447398,0.9733526117686592,13.159454857074433,9.682354831669882
0.503,0.765,0.726,0.262,0.436,0.0,2.9883717603143394,0.9139027386214327,12.737685503762632,4.329218913076268
0.532,0.502,0.316,0.715,0.606,0.0,13.573849482196318,8.496956569808283,0.0,4.689352462699484
0.703,0.715,0.649,0.464,0.566,0.0,5.489907353640147,2.5649736586430287,23.125907683790206,0.0
0.296,0.604,0.308,0.616,0.338,9.875450156856349,2.3317480425871704,4.180055604341762,0.0,5.2838900784247
0.271,0.299,0.201,0.631,0.639,0.0,7.504207410651419,5.240102188930894,0.0,4.72499290618651
0.509,0.297,0.25,0.211,0.299,0.0,2.6199873789602326,4.211301313069501,6.749980493756505,0.0
0.735,0.345,0.413,0.263,0.333,0.0,3.4102580663982773,1.604627241297693,12.773957167767591,0.0
0.512,0.565,0.347,0.235,0.435,0.9306751765860739,4.308046514638526,1.3360557855992918,11.326064167139055,0.0
0.341,0.332,0.776,0.57,0.534,10.565572023385531,7.343936810107105,0.0,0.0,6.78855511287555
0.449,0.457,0.525,0.618,0.621,0.0,22.928282341878308,1.3667384077486038,3.288459431988965,2.154139808716835
0.303,0.5,0.447,0.722,0.579,4.456374995822366,9.487554745929907,6.181655604341768,0.0,6.016539807341985
0.52,0.269,0.563,0.27,0.402,0.0,12.973129368621352,1.468974222081179,2.510963994866287,0.0
0.286,0.615,0.324,0.435,0.737,4.190765654456228,4.702000127640286,4.410455604341775,10.141629523267198,0.0
0.323,0.505,0.452,0.211,0.676,2.727067679984042,3.835302179040234,1.7633285560278456,10.031497332242632,0.0
0.241,0.485,0.536,0.577,0.613,7.751354557599298,3.5361477172761324,7.463255604341785,0.0,6.279032299980739
0.352,0.206,0.634,0.521,0.702,1.161810320080224,10.052839395844245,0.0,2.7610028834332963,2.566871476365758
0.693,0.706,0.491,0.4,0.675,1.2722645571829796,5.418995703299596,1.9220298707587264,19.85326843307654,0.0
0.471,0.31,0.713,0.73,0.48,0.0,15.65964348866937,0.0,0.0,5.491188853744886
0.245,0.433,0.682,0.741,0.322,4.340042043190742,5.173353442926748,0.0,0.0,12.536020870792804
0.24,0.726,0.434,0.525,0.781,7.895398077052683,5.412129399441552,5.994455604341764,6.47773146777989,0.0
0.24,0.589,0.244,0.425,0.682,8.14198232411118,3.373702071825161,2.190288176569468,7.038792597418253,0.0
0.46,0.798,0.535,0.393,0.332,8.951808890085136,0.0,5.748983794558416,4.290739351471919,9.171466368496711
0.41,0.424,0.241,0.422,0.479,7.754725152789469,3.9117573164537034,6.3587543466047425,5.170900175828708,0.0
0.634,0.594,0.625,0.205,0.331,2.245883754344237,2.291898801744899,0.7833714954090332,10.649385064312055,2.7997194092951383
0.597,0.49,0.203,0.683,0.664,0.0,10.032854807247864,5.277589156358989,0.0,6.806493911853761
0.529,0.24,0.66,0.55,0.669,0.0,11.460199256818242,1.7299445902486728,0.0,5.181102352486398
0.651,0.682,0.511,0.284,0.603,0.0,5.229897969057925,2.003415160364909,13.837349248939416,0.0
0.572,0.645,0.302,0.317,0.734,0.0,0.0,8.15557277587856,12.24527634786284,0.0
0.65,0.745,0.655,0.558,0.592,0.0,6.985425386392361,3.889134128788944,18.670557257050326,8.308386091579289
0.733,0.547,0.579,0.294,0.484,0.0,5.071579149067922,2.280125145022331,14.375683271940117,0.0
0.63,0.363,0.321,0.388,0.345,0.0,4.630603945702468,4.367255604342262,0.0,11.501282970401101
0.329,0.455,0.745,0.504,0.313,0.0,9.869049725516067,0.0,0.0,12.848142325262524
0.246,0.618,0.43,0.693,0.596,8.129998137357479,0.0,5.936855604341787,0.0,8.526777486540217
0.678,0.363,0.615,0.358,0.763,0.0,6.768983229321816,0.0,17.70589790315185,0.0
0.582,0.395,0.362,0.315,0.617,0.0,3.5538364604401522,6.240851074531992,10.333128952978702,0.0
0.331,0.557,0.359,0.597,0.689,11.156922752199637,0.0,4.91445560434177,3.38196258568022,5.961823506850721
0.667,0.657,0.313,0.253,0.619,0.0,0.0,5.8577755461260645,12.307168351824037,0.0
0.421,0.459,0.219,0.356,0.22,0.0,0.0,8.288666620872524,0.9271679143359843,5.750143874331883
0.728,0.346,0.534,0.223,0.6,0.0,5.9976039652683975,0.0,10.722338429840557,0.0
0.394,0.739,0.733,0.395,0.741,7.184809247347798,1.5233146259562227,2.906791874984611,17.994079558591107,0.0
0.798,0.695,0.707,0.349,0.546,0.0,5.332325908440187,2.800990998498896,17.19155090596795,0.0
0.24,0.257,0.799,0.396,0.649,3.4720580248770583,9.37433651118885,0.0,3.74298705363609,0.0
0.684,0.715,0.799,0.345,0.224,0.0,2.788116972468998,1.0082471025288797,9.738499449222608,8.916822493911434
0.447,0.278,0.213,0.416,0.67,0.0,5.513392831221875,5.562106311686897,4.962909589172252,0.0
0.54,0.388,0.593,0.339,0.209,0.0,5.03629056797485,0.7420150619156084,2.3763180680411287,8.344306764948215
0.659,0.574,0.657,0.223,0.702,1.2080985961858757,4.378958164980209,2.5975277744839094,10.705903856889169,0.0
0.572,0.538,0.575,0.719,0.552,0.0,16.863874919961386,4.999300343266224,0.0,10.084667587892808
0.549,0.794,0.654,0.465,0.624,0.0,6.112354062179347,2.585319981044579,23.177510786205968,0.0
0.434,0.337,0.558,0.757,0.757,0.0,16.520689630779824,1.4555221412485495,0.0,5.877942714481845
0.405,0.517,0.327,0.797,0.789,8.28711103205062,9.54668847806474,8.805601882423515,0.0,4.735323433198817
0.59,0.683,0.629,0.556,0.232,8.940485641238448,7.0821621936946295,3.7303351393344193,0.0,6.262126529498493
0.473,0.605,0.607,0.424,0.765,8.945996198113509,0.0,2.3940645504716196,15.901733154124143,2.04387182485489
0.3,0.5,0.615,0.618,0.589,3.940701968335803,12.228198481846196,3.644827991165238,0.0,12.81349500428537
0.365,0.294,0.582,0.56,0.308,1.206895146768664,13.540356037669133,0.0,0.0,2.3558552370284747
0.623,0.473,0.601,0.702,0.302,0.0,11.848510335948324,0.0,0.0,12.394289307117779
0.211,0.667,0.566,0.62,0.703,6.709860270181934,10.959091992497475,0.0,8.331696535780141,2.4039441323996895
0.682,0.777,0.522,0.493,0.441,0.0,3.1690173208852728,3.0768162211946666,6.38627479714835,18.36227717796811
0.292,0.544,0.366,0.753,0.55,10.042738693286568,3.953950385318476,5.015255604341779,0.0,5.809796754187004
0.556,0.413,0.231,0.219,0.454,0.0,3.7253597611202656,3.867002692821938,7.025607298312039,0.0
0.251,0.564,0.729,0.73,0.595,8.098519320070832,12.345478317282733,0.0,0.0,7.332592346716206
0.327,0.718,0.732,0.318,0.642,0.0,6.724446354030448,0.9216570699018487,15.62970617394278,2.786826910154529
0.372,0.682,0.798,0.218,0.738,0.0,5.229897969058967,3.171294066204352,10.431544489494845,0.0
0.574,0.784,0.479,0.708,0.237,9.48953198832254,1.2270822300000002,7.005047118887673,0.0,9.533168999129568
0.401,0.24,0.785,0.69,0.712,6.598595882077,11.395162924441243,0.0,0.0,2.4773848929494022
0.763,0.251,0.431,0.243,0.326,0.0,8.016467223352576,0.0,7.8547034024749856,2.669895176389157
0.338,0.481,0.361,0.261,0.3,0.6022964350174707,1.8509245653439967,1.3930254883228217,12.69164706581553,1.6619128985382439
0.288,0.784,0.656,0.781,0.464,10.500267566268652,0.0,3.8952417822298195,0.0,10.30815298029386
0.367,0.679,0.396,0.38,0.34,0.0,5.330698891762799,7.769840430862504,3.191998298387868,9.350826797348587
0.278,0.354,0.413,0.604,0.238,4.065773023224705,6.691608302913702,0.0,0.0,6.434769846656357
0.326,0.685,0.288,0.406,0.719,5.420116554840885,5.2535351858401915,3.8920556043417944,9.442073686825507,0.0
0.293,0.25,0.491,0.381,0.538,0.9547814895417769,12.922188361761705,0.0,1.9997485886998916,1.8618680058978887
0.682,0.282,0.548,0.503,0.286,0.0,14.152353998833483,0.0,0.0,3.1483874306985125
0.574,0.364,0.493,0.249,0.476,2.028759748372091,3.6813057091886017,1.9301683997199182,13.1140864812406,0.0
0.384,0.693,0.234,0.451,0.475,3.1740510954788728,0.0,8.789367451222308,9.948337642619522,1.2512975686689614
0.635,0.545,0.6,0.666,0.717,0.0,17.092631533598404,9.953375224590443,4.496832368037724,3.0660514835293293
0.388,0.523,0.704,0.794,0.734,5.784421702651443,19.790551905307446,0.0,0.0,6.603576182804587
0.423,0.317,0.494,0.645,0.496,0.0,14.781153345802442,1.2833355065816106,0.0,3.7806102995776087
0.49,0.703,0.417,0.716,0.444,0.0,8.88845640737704,11.512421207491911,0.0,8.800073938501148
0.397,0.472,0.657,0.276,0.318,0.0,5.188522733029407,2.5975277744853336,13.036643874082145,0.0
0.771,0.305,0.541,0.548,0.494,2.7392928580605167,13.713428017362334,1.4097850664153513,5.576713037605585,3.9592972829545308
0.587,0.338,0.532,0.423,0.597,0.0,13.884830197179697,0.0,9.487514411026565,0.0
0.285,0.543,0.311,0.367,0.331,4.405341049406894,5.149453725796661,4.223255604341775,0.0,6.488626426027085
0.31,0.695,0.371,0.756,0.782,10.358159021227552,9.118963069866949,5.087255604341767,0.0,4.692569859115604
0.543,0.286,0.425,0.679,0.42,0.0,14.253991591205589,1.0976967910817237,0.0,3.3972587244855097
0.252,0.534,0.707,0.678,0.305,8.33521089640364,0.0,4.206732107696797,0.0,7.641840083280593
0.604,0.332,0.331,0.724,0.35,0.0,6.664576542096183,8.919408744554474,0.0,3.6721058274703053
0.358,0.2,0.722,0.676,0.576,0.0,9.848837275648096,0.0,0.0,6.42828367832373
0.65,0.291,0.475,0.411,0.256,0.0,8.403491713946584,1.2322175994151683,0.0,6.9311165369686
0.492,0.752,0.224,0.375,0.325,6.064204940812726,0.0,8.362364713083249,0.0,5.316420868405887
0.343,0.745,0.481,0.48,0.656,11.292435134815218,0.0,1.8813372259561967,14.052475603026073,0.0
0.293,0.492,0.458,0.558,0.8,4.300134206783178,9.330209010984865,6.340055604341797,6.714262391888579,0.0
0.662,0.439,0.697,0.302,0.218,0.0,8.95985896263759,0.0,0.0,8.741549537928172
0.323,0.404,0.506,0.569,0.746,11.16741159281341,10.433722690086492,0.0,0.0,6.06500270197975
0.506,0.501,0.23,0.221,0.531,0.80378496,1.0160476085905106,1.5216515001746445,11.503094962534105,1.4077415712656585
0.463,0.704,0.296,0.215,0.469,1.7931543773690235,0.0,2.2357089647078836,11.169885858205603,1.2391942391178787
0.342,0.23,0.635,0.267,0.565,0.0,10.323236313060768,0.0,4.752836744935677,0.0
0.369,0.304,0.428,0.681,0.435,1.2207674011339882,14.799079503555399,0.0,0.0,3.3281404808165056
0.65,0.275,0.664,0.342,0.606,4.498917224769363,13.249084311430074,0.0,4.837016295424914,0.0
0.539,0.757,0.432,0.24,0.211,3.081622801506973,0.0,0.5339405059018153,7.738413572172361,5.636553407213672
0.696,0.515,0.665,0.341,0.407,0.0,4.714193840162749,0.0,16.824754981982593,3.1801157589668887
0.218,0.777,0.601,0.76,0.359,3.863580819696203,0.0,10.511018431481002,0.0,9.91752975446866
0.567,0.607,0.391,0.709,0.768,4.129351007239605,11.78964495702779,10.047004688747702,0.0,7.895763151833694
0.731,0.643,0.366,0.369,0.778,0.0,4.922614150918291,9.36939054881715,12.183429601530094,0.0
0.206,0.63,0.624,0.574,0.794,6.699199904167931,4.675329924188282,2.4632420466348064,12.862753653092415,0.0
0.387,0.404,0.247,0.466,0.357,0.0,4.386002364699035,6.529464639801526,0.0,7.021825415480286
0.406,0.701,0.761,0.311,0.424,0.0,2.7320456318717383,0.9591363377546626,15.303137183446625,5.685684758289763
0.757,0.237,0.255,0.298,0.557,0.0,5.19927440618611,3.416855604341772,7.299554399113856,0.0
0.29,0.781,0.468,0.501,0.348,9.99648940268775,0.0,2.9246627781417533,0.0,7.65083562373429
0.483,0.597,0.651,0.652,0.547,7.268709198521435,5.833230241193278,3.86470351502714,0.0,15.18022169233694
0.743,0.69,0.654,0.233,0.204,0.0,2.6879895785454937,0.9471120000645447,4.949250949025793,8.107991731419585
0.327,0.598,0.447,0.441,0.731,11.133540570919486,0.9201822299999803,1.7429822336259337,9.815442243000394,1.949591482756754
0.737,0.746,0.388,0.615,0.363,0.0,11.367120555806284,2.0680075476196866,0.0,15.01522033716002
0.314,0.311,0.405,0.458,0.699,4.628239863765068,11.919473311989833,0.0,2.4184384508029964,2.433763154925426
0.272,0.641,0.519,0.373,0.496,4.855536771461105,4.1124854636881185,0.0,16.91985774746868,0.0
0.38,0.558,0.46,0.299,0.27,0.0,2.15931693862873,0.5701273852089969,6.426099162449288,10.953979126156023
0.528,0.741,0.406,0.64,0.595,4.4073421036384985,1.156132229999918,16.64973462435997,0.0,8.503943068946548
0.759,0.693,0.54,0.594,0.739,0.0,6.094104869700825,7.520855604341877,26.488613424487806,2.486714198419584
0.44,0.396,0.206,0.696,0.681,0.0,9.03124457250904,4.916827728128261,0.0,9.472723500140654
0.263,0.546,0.478,0.271,0.788,4.683705195370783,0.0,1.8691294325148493,12.095262814534198,0.0
0.329,0.24,0.557,0.643,0.219,0.0,4.851928238940743,0.0,0.0,8.789036156617799
0.595,0.519,0.262,0.304,0.541,0.0,0.7898322299999999,10.467494820481262,6.079377567340601,0.0
0.378,0.763,0.691,0.79,0.356,11.250957813026286,2.9653509720155955,4.109009652648845,0.0,9.80874061153976
0.782,0.459,0.409,0.23,0.232,0.0,9.657778772805102,0.0,7.4053502559657955,3.7677419515997896
0.615,0.475,0.336,0.568,0.352,0.0,4.482401321518584,8.556253580900538,0.0,9.540531746392835
0.547,0.416,0.694,0.692,0.486,0.0,18.926420601565876,1.8214187399153552,0.0,6.037871678542245
0.41,0.418,0.683,0.397,0.325,0.0,8.937479962528831,0.0,0.0,13.35962763523991
0.251,0.48,0.489,0.705,0.333,8.465969483496709,0.0,2.8752636576568813,0.0,8.56929266364677
0.429,0.685,0.694,0.431,0.475,0.0,5.2535351858397625,2.7480905602551884,21.4230053040668,0.0
0.382,0.76,0.271,0.76,0.61,2.4679998759566293,1.187482229999966,10.837323268060556,0.0,11.003196623349593
0.519,0.22,0.485,0.445,0.297,0.0,10.998922350124884,0.0,0.0,3.2278924957243134
0.594,0.783,0.537,0.629,0.241,7.355852409800977,2.9873584654675236,10.632106078341137,0.0,6.487852814095077
0.451,0.27,0.568,0.763,0.597,0.0,12.397525761553917,6.338210037129836,0.0,4.413151674926513
0.246,0.413,0.53,0.442,0.7,8.106491872267858,5.312986708560061,2.0807311854902677,7.350358507361983,0.0
0.689,0.567,0.424,0.353,0.264,1.10573496,3.296951708721773,2.4782661840207063,3.38820736082664,10.74377444747837
0.413,0.448,0.605,0.595,0.242,0.0,8.35144345857805,0.0,0.0,9.769613654023447
0.437,0.309,0.294,0.696,0.225,0.0,3.246339888308755,5.572510902248582,0.0,6.041877033872549
0.452,0.301,0.728,0.534,0.339,1.5086166792194904,14.642569491989539,0.0,0.0,2.5679509950028794
0.501,0.639,0.775,0.332,0.732,0.9099156009695112,4.891097861878813,3.0777009831583175,16.339026674993285,0.0
0.761,0.75,0.581,0.578,0.442,1.22453496,5.494807339755172,3.437167774188121,5.658308566201274,18.437699979947
0.651,0.519,0.606,0.457,0.639,1.1930007230114086,3.9456091906802557,3.2524858220949353,22.813818550248296,0.0
0.695,0.288,0.7,0.524,0.707,0.0,13.964359441871371,1.8375612369151277,2.77731547546321,2.459624174035954
0.459,0.427,0.749,0.351,0.707,1.6090437234735449,5.816483614564621,0.0,18.81247572052663,0.0
0.49,0.508,0.385,0.544,0.395,0.0,6.693452358341615,5.288855604341778,0.0,13.252582968738272
0.224,0.363,0.204,0.787,0.779,3.2220727624147942,8.716594486750035,2.7018720679791137,0.0,5.783256354385937
0.437,0.637,0.407,0.603,0.683,0.0,7.783317239249905,11.259383569974931,14.105433165455675,0.0
0.768,0.44,0.67,0.36,0.794,0.0,6.904704248239944,0.0,17.79775114818324,0.0
0.215,0.562,0.596,0.613,0.272,6.848726175170576,0.0,3.528782575796529,0.0,6.774694987283797
0.763,0.309,0.574,0.334,0.384,0.0,14.243890175622003,0.0,2.896423896857085,2.9773808565492415
0.528,0.45,0.296,0.303,0.451,0.0,0.6759822299999616,11.924453148595427,6.058441063732605,0.0
0.654,0.739,0.25,0.436,0.26,2.564286532456874,0.0,6.09647608498727,4.225622472142659,6.991592671472418
0.21,0.597,0.561,0.298,0.34,6.675143793935085,0.0,0.7006586284223641,8.574358207903344,1.439991202884681
0.214,0.701,0.785,0.281,0.339,3.0658319733760444,2.851339116385701,0.990153662875471,9.204215842597927,3.325758537370024
0.721,0.756,0.452,0.23,0.224,0.0,2.9523258985016043,0.6355364874538936,4.479334315981228,8.969395695877445
0.544,0.436,0.217,0.55,0.207,0.0,4.679498510745571,4.31368204653207,0.0,5.535261970789399
0.672,0.384,0.224,0.553,0.439,0.0,13.363420770555072,5.36767271403862,0.0,5.028687689093253
0.784,0.527,0.365,0.626,0.363,0.0,5.706407444932002,7.003826099354783,0.0,10.016277033872589
0.743,0.425,0.53,0.23,0.456,0.0,3.204976398238932,2.0807311854900687,11.050781718485196,0.0
0.699,0.683,0.335,0.336,0.69,0.0,5.237777041319073,4.971190968661718,12.874181514136849,0.0
0.758,0.257,0.47,0.402,0.722,0.0,12.404907627478183,1.2187655185820168,3.8011086164548753,0.0
0.25,0.327,0.651,0.231,0.496,0.0,5.0103028829073395,0.0,11.131027812995754,0.0
0.465,0.401,0.437,0.518,0.297,8.334845978040226,4.846379919887842,8.607402093481682,0.0,4.766918325212911
0.543,0.683,0.656,0.292,0.29,0.989179435141698,2.6599539082468833,0.934859397056955,9.202731550963534,7.892345315257938
0.361,0.417,0.445,0.608,0.234,12.090424641468761,0.0,2.6065269062723706,0.9146892852970301,6.279858327756559
0.221,0.435,0.618,0.316,0.585,7.2269343922054405,3.178705990080086,2.4388264597541593,6.916356539884114,0.0
0.356,0.732,0.737,0.378,0.338,5.284451177727867,2.8562036003353706,1.9793244059771777,5.847679029509281,9.27742654532755
0.447,0.344,0.603,0.696,0.604,1.4912763612623243,15.484678973241511,0.5270100643262955,0.0,8.618882960772503
0.695,0.438,0.294,0.643,0.416,0.0,4.775628566836709,7.866695269841665,0.0,8.231776968474238
0.603,0.362,0.249,0.796,0.294,0.0,3.844429707121208,6.586368070866987,0.0,5.723925922417931
0.793,0.786,0.676,0.596,0.547,0.0,8.629148257619947,13.273389850060477,0.0,15.31547703387355
0.72,0.374,0.481,0.572,0.447,2.5524450944493764,18.80484051660212,1.2483600964150323,6.527902034877208,1.5360667905137426
0.456,0.398,0.539,0.71,0.321,0.0,4.730562001128861,3.180646329684331,0.0,13.1887927085236
0.761,0.613,0.694,0.534,0.668,0.0,13.173069102268075,4.5695093001686615,17.892521550857957,0.0
0.21,0.691,0.224,0.734,0.795,3.2406088239756174,13.244184167728559,2.976947453376001,0.0,7.777140952951446
0.376,0.326,0.659,0.352,0.719,1.2450438462736888,15.946819588371515,0.0,3.312756779145267,0.0
0.262,0.276,0.787,0.604,0.708,3.8157877607628325,10.11835189648378,0.0,0.0,5.489929331097651
0.395,0.606,0.557,0.562,0.61,5.893790254980112,4.631088477300087,7.76565560434176,9.425547002102808,3.642053467340291
0.545,0.457,0.366,0.661,0.336,0.0,0.6875322300000537,11.17228980083213,0.0,9.255129754468685
0.615,0.34,0.575,0.648,0.331,0.0,7.185541936699835,0.0,0.0,13.633353482926347
0.236,0.279,0.564,0.71,0.227,0.5434533134446213,5.689778601654303,0.0,0.0,9.155297627777026
0.64,0.405,0.487,0.757,0.399,0.0,8.626365277661055,4.209680723441982,0.0,11.059779001239464
0.479,0.208,0.249,0.355,0.217,0.0,8.85336458431527,0.6241835457486589,0.0,2.5964367746609724
0.579,0.456,0.529,0.305,0.378,0.0,4.191983151105191,0.6593021949289827,14.957865837838579,1.6094605965146838
0.598,0.779,0.23,0.734,0.546,8.196135936050604,0.0,5.560272286415081,0.0,15.123960115387172
0.538,0.5,0.242,0.254,0.561,0.0,3.7959068177402338,5.881994565558325,7.829512657663501,0.0
0.405,0.75,0.444,0.286,0.629,0.0,7.03375483683061,1.7307744401857676,13.96224306510678,0.0
0.376,0.515,0.619,0.74,0.675,1.107045665066177,17.24949378064427,3.043453652581313,0.0,14.279822191558306
0.606,0.608,0.768,0.377,0.201,0.0,2.359571726476045,0.9681830575823778,7.501715444593219,7.970763523044273
0.363,0.331,0.597,0.58,0.556,1.1999590195856185,16.20766960764716,0.0,0.0,4.286295978560068
0.21,0.637,0.394,0.599,0.534,6.675143793934802,0.0,5.41845560434176,0.0,9.36398722129373
0.406,0.281,0.257,0.699,0.751,0.0,7.013476980812935,6.833398258766258,0.0,5.571603664745287
0.59,0.262,0.441,0.637,0.668,0.0,12.607939341633978,1.1407434497482374,0.0,5.173183712008992
0.271,0.2,0.627,0.414,0.353,0.8808971691780718,9.373399102606056,0.0,0.0,2.6788119616842017
0.208,0.524,0.711,0.775,0.539,7.061335533835169,7.22937966882008,0.0,0.0,8.81530251352184
0.509,0.251,0.529,0.428,0.564,0.0,12.034069299225752,1.377500072415332,4.055881798720907,0.0
0.433,0.344,0.257,0.389,0.258,0.0,3.641304862996178,6.81398179512901,0.0,5.292756211614871
0.306,0.792,0.466,0.519,0.724,6.35392716593176,2.978319396528208,0.0,22.625710961493446,3.152561770150835
0.797,0.55,0.687,0.396,0.383,0.0,7.180311726780562,0.8634995853015276,2.7916426497157167,15.855189438639236
0.442,0.604,0.609,0.389,0.28,0.0,4.614894163272057,0.7626932786620987,6.0172194086145225,11.394779864940242
0.579,0.277,0.547,0.616,0.62,0.0,13.390489399462266,1.4259275634149713,0.0,4.903114179399886
0.652,0.724,0.5,0.638,0.572,0.0,1.1280822299999518,20.677795884440933,1.6898092188030218,11.370899150286428
0.312,0.215,0.371,0.466,0.57,0.0,10.708470282918318,0.0,0.0,6.360375622366937
0.71,0.318,0.275,0.778,0.265,0.0,3.3479023103711536,5.567824922094905,0.0,7.205661970789366
0.487,0.551,0.525,0.252,0.234,0.0,2.131281268329951,0.6541326407423651,7.850152781848532,6.274513142424725
0.263,0.551,0.527,0.34,0.583,4.683705195371123,0.0,2.0685233920493475,15.360659195710612,0.0
0.692,0.225,0.499,0.614,0.351,0.0,10.67764919898882,1.296787587415041,0.0,2.7869398417456117
0.385,0.568,0.739,0.686,0.55,13.505163727489906,4.752780809025081,0.0,0.0,12.656636133486202
0.638,0.419,0.585,0.48,0.314,0.0,8.928100790096543,0.0,0.0,12.893036156617804
0.621,0.534,0.415,0.747,0.213,0.0,5.061167378171025,6.038538827261799,0.0,8.474103711667915
0.389,0.234,0.66,0.621,0.399,0.0,11.568429159113133,0.0,0.0,4.535724155626448
0.605,0.438,0.654,0.473,0.447,0.0,14.557922829280159,0.0,7.81357726258084,5.45865111243664
0.761,0.351,0.272,0.551,0.782,0.0,9.51018673149023,7.268668606491786,4.350919744473281,2.5895719493277363
0.427,0.237,0.404,0.504,0.297,0.0,11.851504572670537,0.0,0.0,3.281473640450323
0.595,0.799,0.471,0.413,0.44,0.0,6.151749423480194,2.505524270020968,20.543752676553837,0.7501925051951931
0.269,0.73,0.449,0.432,0.596,5.511244451803957,0.0,1.75112076258662,18.705960633947793,0.0
0.465,0.589,0.237,0.688,0.764,0.0,7.346149052216191,9.370864656010331,4.648543042869242,3.2749918810307097
0.589,0.773,0.291,0.486,0.561,0.0,5.946893544719779,7.336548129025384,8.116319680463949,7.584257329940251
0.549,0.441,0.403,0.276,0.435,0.8747349599999814,0.8728071410235918,1.5639345964939964,14.565178027495074,1.1467650569722918
0.298,0.641,0.325,0.235,0.531,0.52680706913998,0.99113223,5.472838011372079,11.292412907727938,0.0
0.557,0.723,0.546,0.407,0.682,0.0,9.45950109173309,7.429271979759622,13.484124775264148,0.0
0.524,0.248,0.54,0.745,0.438,2.368504460133179,10.981840414322601,0.0,0.0,9.111498364173935
0.378,0.286,0.291,0.46,0.557,0.0,13.860019434160211,0.7371810247484815,0.0,5.1804382138404845
0.248,0.764,0.653,0.552,0.697,7.994369891329576,0.0,2.5812507165644347,16.225063606966753,0.0
0.248,0.486,0.578,0.697,0.67,8.201219893001332,9.129480129432004,0.0,0.0,7.930377207959025
0.366,0.765,0.275,0.725,0.783,9.961561141639779,1.1378366999999998,11.070133590659717,4.109067090692308,4.698677512556319
0.306,0.633,0.224,0.443,0.51,1.435193523288947,0.0,6.13947590019872,15.25228255172154,0.0
0.548,0.762,0.603,0.489,0.686,8.284274327273911,5.8602237498595775,3.020286229176156,16.152970023457158,0.0
0.77,0.213,0.79,0.252,0.689,0.0,8.427890742701658,0.0,5.50557668416081,0.0
0.368,0.279,0.464,0.586,0.429,2.633339505367437,12.287967440536647,1.2026230215820202,0.0,5.02215392831852
0.233,0.56,0.741,0.43,0.33,3.3626894725500844,10.086754314575842,0.0,0.0,9.062289438824031
0.466,0.229,0.692,0.696,0.553,0.0,11.299270321642364,0.0,0.0,6.3560881620276435
0.412,0.68,0.533,0.696,0.579,13.938110317136433,0.0,11.27048024033794,0.0,3.4527162106829303
0.671,0.559,0.448,0.775,0.525,0.0,9.467064788445612,6.196055604341756,0.0,17.807211844230867
0.563,0.332,0.575,0.543,0.311,0.0,9.741349415032698,1.501259216081289,0.0,8.521033863277173
0.236,0.563,0.658,0.514,0.336,7.766062731590201,0.0,3.9074570891101343,0.0,8.45643093103512
0.6,0.248,0.465,0.298,0.311,0.0,10.772035234994508,0.0,1.9520309585479962,3.7956918095272556
0.321,0.432,0.231,0.439,0.507,6.246786987135044,10.550047085203804,3.039517171536782,0.0,5.050680156006703
0.49,0.43,0.703,0.287,0.503,1.6665409853530613,3.5655366967227433,0.0,15.201552086993589,1.3316234212633777
0.237,0.243,0.544,0.54,0.727,7.475987194634344,7.644731402498613,0.0,2.864315966289888,0.0
0.535,0.776,0.229,0.259,0.226,0.0,0.0,7.342840148745485,5.516886709897666,3.0379860915792865
0.311,0.525,0.587,0.227,0.768,0.5513411130499439,3.992883624240169,2.3126792608660924,10.912623960305709,0.0
0.705,0.378,0.246,0.302,0.276,0.0,4.0249851241212005,6.501012924268274,0.0,5.354788160487785
0.274,0.511,0.348,0.415,0.794,4.003276707609164,3.8825766125988466,4.756055604341771,9.659177222272728,0.0
0.611,0.769,0.286,0.429,0.533,0.0,1.2023322300000001,11.50752876042661,5.9812487935426555,4.580735031805714
0.246,0.203,0.602,0.585,0.446,0.0,9.899644366793968,0.0,0.0,5.011693811186992
0.494,0.449,0.214,0.401,0.306,0.0,4.826199787058628,5.590558027219641,0.0,5.970017763704653
0.259,0.774,0.56,0.637,0.389,3.2285157932630693,7.415469981502403,3.4038031163058746,0.0,15.193559728618704
0.436,0.342,0.258,0.307,0.679,0.0,3.0487956306599067,6.842433510661279,7.053934796902756,0.0
0.607,0.528,0.485,0.753,0.244,0.0,1.2240068408463962,13.835360127780682,0.0,9.753231956753163
0.368,0.41,0.669,0.796,0.344,0.0,9.093065286083231,0.0,0.0,14.207685652243844
0.725,0.698,0.335,0.44,0.446,0.0,1.12998039,12.912459400456008,0.0,12.040082391996407
0.787,0.309,0.679,0.401,0.639,0.0,15.05992952283217,1.7810624974153046,3.791876857555931,0.0
0.452,0.547,0.7,0.682,0.72,8.496940313145753,20.730360813047973,0.0,0.0,5.5849530168247234
0.236,0.615,0.284,0.449,0.529,7.577772176362208,0.0,3.834455604341795,5.646110533641671,3.1473335386551646
0.442,0.512,0.798,0.281,0.605,0.0,5.440974472947479,3.171294066202744,13.712562248051958,0.0
0.438,0.28,0.295,0.77,0.728,0.0,13.546999411029148,0.7479426894149406,0.0,5.648302140642419
0.744,0.795,0.325,0.413,0.602,0.0,0.0,8.854902819188908,15.28782620992681,1.596547749036441
0.49,0.451,0.415,0.556,0.545,6.038878519851138,6.278797523259175,11.427730659880122,2.336483041642414,3.245055993702686
0.297,0.483,0.532,0.542,0.326,0.0,6.266780061902042,3.1378927556006007,0.0,13.408543756388333
0.645,0.215,0.413,0.668,0.538,1.0365235197703826,8.820758119010966,1.0654117970814467,0.0,9.405902486672348
0.357,0.617,0.54,0.678,0.641,13.106760444023177,8.066246203973837,7.5208556043417625,0.0,3.8313907239973592
0.566,0.493,0.28,0.357,0.451,0.0,4.487685541920179,7.4683712523828305,5.89407856873477,2.67093657029149
0.56,0.508,0.373,0.204,0.498,1.021262415639078,3.8589393958202693,1.4418566620863047,9.723983365659908,0.0
0.371,0.641,0.214,0.551,0.765,0.0,5.897988236399583,5.590558027219692,12.939852869035322,0.0
0.305,0.483,0.255,0.575,0.53,1.0381514169304757,9.153195059172475,6.8361048184378035,0.0,5.402957793763068
0.444,0.513,0.738,0.318,0.214,0.8023432545937905,1.9790876295655497,0.9294114011810901,10.06098883431985,5.698513142424732
0.717,0.546,0.734,0.558,0.686,0.0,27.424220436531588,1.9290353865814436,0.0,5.315719240599001
0.458,0.65,0.748,0.543,0.308,6.878107225924823,6.088444983120975,4.457145898760086,0.0,8.43227703387257
0.361,0.319,0.348,0.384,0.533,1.2755625919668179,9.707060864677741,4.756055604341763,2.5521773543093693,2.262616091751485
0.553,0.456,0.569,0.249,0.253,0.0,1.8272449045106598,0.7109977367957993,12.10587188149779,3.294139300809152
0.303,0.511,0.328,0.37,0.44,4.456374995822408,3.882576612600066,4.468055604341764,6.1180253474361574,2.603752382445838
0.687,0.208,0.59,0.601,0.679,0.0,9.79075913344885,1.5416154585819428,0.0,5.3786324369553
0.76,0.212,0.292,0.732,0.475,0.0,9.999439148870135,0.7398714409153847,0.0,3.644886099905053
0.539,0.598,0.607,0.759,0.798,0.0,19.255760360446413,10.072403687180678,0.0,8.561943722634455
0.632,0.372,0.728,0.23,0.339,0.0,5.71599263011127,0.0,11.065648856295054,0.0
0.738,0.354,0.332,0.283,0.715,0.0,3.505852380542975,1.2750168183952533,13.8075576848509,0.0
0.5,0.605,0.343,0.655,0.656,9.467297926805298,4.136443392303038,14.009774350646143,0.0,3.9230055256058365
0.388,0.446,0.326,0.786,0.587,0.0,9.094853265054855,8.777150166890662,0.0,5.999984351458933
0.761,0.382,0.669,0.66,0.615,0.0,18.692768299476153,1.754158335748581,0.0,5.605924220337248
0.779,0.436,0.278,0.603,0.638,0.0,8.881671096373136,7.411467821317278,0.0,6.534166008344117
0.545,0.324,0.503,0.387,0.456,0.0,15.842479580661191,1.307549252081733,0.0,3.5757767197752126
0.587,0.647,0.339,0.443,0.361,0.0,2.86081114396719,9.22117277587858,0.0,11.870783428080955
0.319,0.67,0.746,0.422,0.651,5.752879446597792,0.0,2.9596923132287642,19.241275184935223,0.0
0.738,0.708,0.31,0.774,0.426,0.0,1.1464803899999185,12.028652046909572,0.0,11.408852910704097
0.404,0.237,0.492,0.265,0.349,0.0,10.244400806057996,1.2779546742479782,3.6417866448942697,0.0
0.39,0.685,0.725,0.381,0.715,0.0,6.4054719811432825,2.8742377591442394,18.87184552125261,0.0
0.714,0.659,0.288,0.614,0.767,1.1533110599999998,1.1306084130970715,8.049722089272004,25.765639409093538,0.0
0.61,0.399,0.5,0.587,0.506,0.0,20.450670795650915,0.0,0.0,5.710433703870459
0.272,0.387,0.681,0.717,0.282,3.9720285498017494,8.213347220127297,0.0,0.0,7.710695601352267
0.771,0.397,0.597,0.651,0.687,0.0,19.65088986209623,1.5604483717485385,0.0,5.4453800927844584
0.767,0.388,0.715,0.279,0.623,0.0,6.308598581655042,0.0,13.598324820455892,0.0
0.645,0.607,0.351,0.724,0.301,0.0,5.674152299932071,5.072030535635252,0.0,12.269786385359383
0.232,0.63,0.485,0.709,0.43,7.631445847854612,0.0,2.8508330438941183,0.0,9.528197029731999
0.301,0.702,0.529,0.314,0.632,3.8149082988897853,5.387479414257363,2.0766619210087263,13.297065711703679,0.0
0.507,0.563,0.477,0.697,0.698,0.0,13.077073538985111,6.613655604341768,9.181775998638676,7.162615016444162
0.626,0.263,0.703,0.603,0.618,0.0,13.258784294902673,0.0,0.0,7.127408028301435
0.418,0.728,0.635,0.268,0.445,2.7061293233078474,0.0,2.5080039559193397,14.13665763053105,1.173950110544467
0.732,0.228,0.777,0.607,0.579,0.0,11.364369284205704,0.0,0.0,6.462696031103337
0.362,0.349,0.765,0.379,0.665,1.196490955994121,15.616678627955894,0.0,5.292014129965603,0.0
0.436,0.284,0.206,0.527,0.785,0.0,7.0952653857855665,5.382360766594658,2.793628067493234,2.4656372434120435
0.421,0.414,0.406,0.512,0.464,0.0,13.531982287351227,5.5934627945875235,0.0,7.037788590100657
0.728,0.503,0.505,0.283,0.79,5.198382580800277,4.543835029724512,1.9789995734825745,14.990760435847045,0.0
0.35,0.244,0.598,0.557,0.449,1.1548741928973545,11.668879272238334,0.0,0.0,3.5191220721082623
0.453,0.671,0.317,0.692,0.589,2.160246991279244,1.040632229999978,12.79900189863238,0.0,10.283886566604895
0.451,0.475,0.354,0.651,0.508,0.0,9.713081554227504,9.573798201808609,0.0,5.172526490794043
0.393,0.558,0.797,0.461,0.752,5.8625420971722235,4.252893008819951,3.1672248017230067,15.363318136117549,0.0
0.407,0.233,0.323,0.451,0.332,0.0,10.052533740990905,2.369756906607677,0.0,2.4017168857696065
0.2,0.749,0.706,0.645,0.301,6.595362059936926,0.0,4.594412482507444,0.0,7.554574693984308
0.272,0.241,0.634,0.757,0.458,0.8843652327694695,11.512369260673093,0.0,0.0,3.510269211792463
0.271,0.507,0.409,0.425,0.573,8.922947294909704,1.276535840096401,5.6344556043417615,2.834910884674448,0.0
0.631,0.266,0.221,0.797,0.34,0.0,5.257574228804907,5.789720035948952,0.0,3.412869268114028
0.232,0.314,0.223,0.435,0.681,0.0,7.913149435517856,5.8660399306517235,2.2933752452396856,2.1336143381168604
0.405,0.467,0.605,0.505,0.717,6.050031044018182,17.597664453914476,0.0,2.6740023926064653,2.495145611863714
0.72,0.206,0.667,0.476,0.793,0.0,10.11140042835167,1.7487775034145492,4.522043156129153,0.0
0.49,0.792,0.653,0.349,0.523,3.49553527943675,0.0,2.5812507165642593,18.69524022296218,1.38522535460266
0.795,0.715,0.258,0.624,0.407,2.7859016115822706,1.2381328087769243,10.350821989974559,0.0,7.998857117073858
0.204,0.442,0.341,0.691,0.402,2.909591184337277,4.084424562120922,4.661087302373756,0.0,8.703464849388974
0.697,0.2,0.385,0.345,0.34,0.0,10.494929557065849,0.0,0.0,3.7878618325326157
0.241,0.312,0.533,0.375,0.45,3.4876821037813817,11.528065258093166,0.0,1.9671234046398918,1.5467232218618243
0.426,0.726,0.743,0.496,0.398,12.1444837085838,0.0,4.4266076315579195,0.0,11.037907724962656
0.264,0.772,0.236,0.379,0.379,8.873743287696339,0.0,3.143255604341762,4.632915753677062,0.9944683337962177
0.392,0.299,0.67,0.273,0.581,1.300532863736058,8.557998842975364,0.0,8.903753524791636,0.0
0.274,0.242,0.746,0.314,0.693,7.544139847135707,7.641206828888412,0.0,2.7156609165180017,0.0
0.527,0.247,0.773,0.348,0.716,2.455441353886695,12.785576053780138,0.0,5.313866716954589,0.0
0.301,0.712,0.208,0.507,0.662,3.555537224061979,0.0,7.795186355993126,9.68213955320415,0.0
0.761,0.746,0.692,0.733,0.32,0.0,9.852732716571186,4.115117306089765,0.0,13.149343756388985
0.371,0.373,0.426,0.436,0.527,5.518812361286474,13.916746231932583,0.0,0.0,4.056655404720936
0.296,0.615,0.301,0.386,0.502,5.313754307701117,0.0,4.079255604341783,13.717894658916922,0.0
0.678,0.644,0.587,0.293,0.528,0.0,4.930493223180198,2.312679260865817,14.334776152362897,1.4245653419634703
0.252,0.426,0.448,0.224,0.364,3.6595469717237616,3.2128554705002332,1.7470514981072927,7.19787405115925,0.0
0.773,0.772,0.411,0.226,0.307,0.0,3.01640743061483,2.8251746042298818,10.892672413065164,1.7030472459415789
0.435,0.769,0.285,0.658,0.265,0.0,7.566195628333641,3.080282840381141,0.0,10.808666126331325
0.789,0.429,0.665,0.406,0.577,0.0,11.236478366538641,1.7433966710815831,13.479570024666273,0.0
0.315,0.288,0.763,0.751,0.732,1.0334919671990108,13.964359441869451,0.0,3.2025281928504277,3.1315489339460743
0.575,0.685,0.241,0.401,0.388,2.0011974425556684,0.0,9.616421989974535,1.5307408143406864,7.562994914897667
0.581,0.414,0.289,0.558,0.689,0.0,11.791143799332497,7.301755461468559,0.0,7.5040850372303955
0.429,0.279,0.318,0.342,0.38,0.0,13.494829407173517,0.8098222612486718,0.0,2.8926152545690047
0.586,0.561,0.618,0.418,0.694,0.0,4.27653022559852,2.4388264597546927,20.752164972661404,0.0
0.322,0.481,0.681,0.308,0.266,4.753232494995777,1.8509245653441162,0.8557452540222722,4.722077457994262,7.196113142424694
0.73,0.406,0.61,0.215,0.614,0.0,4.058175084491573,2.4062723439124105,10.293315926767555,0.0
0.39,0.233,0.566,0.344,0.432,1.2935967365531322,11.09500922983104,0.0,0.0,3.304384559384778
0.248,0.288,0.379,0.254,0.746,3.59705065610846,2.125543498619629,1.4662722489682463,8.231474568242676,0.0
0.204,0.49,0.274,0.385,0.756,6.63434126884785,0.0,3.690455604341774,4.706904264921278,2.019405276640547
0.297,0.779,0.323,0.645,0.528,10.210242695223037,0.0,4.396055604341822,0.0,7.530745151457951
0.731,0.532,0.521,0.317,0.3,0.0,2.0551844489476383,0.6489630865557019,6.273167548989011,12.247636430388242
0.75,0.397,0.423,0.656,0.403,0.0,12.948180529508658,2.472158530580354,0.0,8.717943848938928
0.771,0.643,0.558,0.729,0.23,0.0,6.021001988183014,8.990673708876434,0.0,9.214371322276296
0.354,0.479,0.336,0.646,0.752,5.253203019920843,9.07452219170048,4.583255604341937,4.358913572739168,3.218878867834772
0.454,0.405,0.777,0.467,0.493,1.5155528064022632,18.415987187818406,0.0,0.0,7.955128325497852
0.411,0.746,0.541,0.657,0.687,7.99375408991364,0.0,13.898241354211654,3.7311993347137484,11.280380908548404
0.405,0.46,0.709,0.418,0.676,6.050031044019089,3.4807439273399536,2.8091295274597603,13.881824061631464,0.0
0.765,0.574,0.645,0.683,0.707,0.0,18.226840783901842,10.722443952089606,0.0,7.382104790466475
0.437,0.231,0.441,0.604,0.47,0.0,10.990669222120042,1.140743449748606,0.0,3.6052928975191434
0.649,0.414,0.581,0.312,0.65,1.03973496,1.8331901354150364,2.2882636739843876,16.610521722253264,1.7312437087751082
0.527,0.322,0.375,0.649,0.49,0.0,14.321575938748579,2.772639954635794,0.0,3.68333350726038
0.33,0.78,0.629,0.774,0.456,4.878225126226584,7.34095774624338,3.730335139334797,0.0,12.694677033872571
0.485,0.739,0.515,0.624,0.351,0.8789832396738707,9.757289109796627,3.319857745557401,0.0,14.506386863576209
0.468,0.274,0.324,0.201,0.224,0.0,2.656125143698652,1.2424627025525032,9.569795564809189,0.0
0.786,0.345,0.598,0.703,0.53,0.0,16.938049661621562,1.5631387879148029,0.0,4.080411326152096
0.292,0.637,0.56,0.639,0.662,9.724877635582427,8.33617360548515,7.80885560434178,0.0,3.9596514462477166
0.785,0.544,0.405,0.589,0.241,0.0,5.067165345495963,5.887521906695753,0.0,9.677786385359386
0.8,0.8,0.8,0.8,0.8,0.0,26.787716318349794,11.264855604341767,0.0,11.146793253230154
