Tree_id,ID,rc_11,rc_14,rc_15,rc_26,rc_37,threshold,prediction
0,1,1.0,0.0,0.0,0.0,0.0,0.44349999725818634,7.215046741501916
0,1,0.0,1.0,0.0,0.0,0.0,0.48650000989437103,7.215046741501916
0,1,0.0,0.0,1.0,0.0,0.0,0.40450000762939453,7.215046741501916
0,1,1.0,0.0,0.0,0.0,0.0,0.22300000488758087,7.215046741501916
0,2,1.0,0.0,0.0,0.0,0.0,0.44349999725818634,0.8828060315913054
0,2,0.0,1.0,0.0,0.0,0.0,0.48650000989437103,0.8828060315913054
0,2,0.0,0.0,1.0,0.0,0.0,0.40450000762939453,0.8828060315913054
0,2,-1.0,0.0,0.0,0.0,0.0,-0.22300100488758087,0.8828060315913054
0,3,1.0,0.0,0.0,0.0,0.0,0.44349999725818634,1.8679472864180682
0,3,0.0,1.0,0.0,0.0,0.0,0.48650000989437103,1.8679472864180682
0,3,0.0,0.0,-1.0,0.0,0.0,-0.4045010076293945,1.8679472864180682
0,3,0.0,1.0,0.0,0.0,0.0,0.30649998784065247,1.8679472864180682
0,4,1.0,0.0,0.0,0.0,0.0,0.44349999725818634,3.960520545774306
0,4,0.0,1.0,0.0,0.0,0.0,0.48650000989437103,3.960520545774306
0,4,0.0,0.0,-1.0,0.0,0.0,-0.4045010076293945,3.960520545774306
0,4,0.0,-1.0,0.0,0.0,0.0,-0.30650098784065244,3.960520545774306
0,5,1.0,0.0,0.0,0.0,0.0,0.44349999725818634,3.2411367208476283
0,5,0.0,-1.0,0.0,0.0,0.0,-0.486501009894371,3.2411367208476283
0,5,0.0,1.0,0.0,0.0,0.0,0.7414999902248383,3.2411367208476283
0,5,0.0,0.0,0.0,1.0,0.0,0.42900000512599945,3.2411367208476283
0,6,1.0,0.0,0.0,0.0,0.0,0.44349999725818634,5.858413546904477
0,6,0.0,-1.0,0.0,0.0,0.0,-0.486501009894371,5.858413546904477
0,6,0.0,1.0,0.0,0.0,0.0,0.7414999902248383,5.858413546904477
0,6,0.0,0.0,0.0,-1.0,0.0,-0.4290010051259994,5.858413546904477
0,7,1.0,0.0,0.0,0.0,0.0,0.44349999725818634,7.401257938297493
0,7,0.0,-1.0,0.0,0.0,0.0,-0.486501009894371,7.401257938297493
0,7,0.0,-1.0,0.0,0.0,0.0,-0.7415009902248383,7.401257938297493
0,7,0.0,1.0,0.0,0.0,0.0,0.7924999892711639,7.401257938297493
0,8,1.0,0.0,0.0,0.0,0.0,0.44349999725818634,0.5928602642824553
0,8,0.0,-1.0,0.0,0.0,0.0,-0.486501009894371,0.5928602642824553
0,8,0.0,-1.0,0.0,0.0,0.0,-0.7415009902248383,0.5928602642824553
0,8,0.0,-1.0,0.0,0.0,0.0,-0.792500989271164,0.5928602642824553
0,9,-1.0,0.0,0.0,0.0,0.0,-0.4435009972581863,0.7769855059673163
0,9,0.0,1.0,0.0,0.0,0.0,0.6675000190734863,0.7769855059673163
0,9,1.0,0.0,0.0,0.0,0.0,0.5945000052452087,0.7769855059673163
0,9,0.0,0.0,0.0,1.0,0.0,0.7670000195503235,0.7769855059673163
0,10,-1.0,0.0,0.0,0.0,0.0,-0.4435009972581863,3.1665043505451993
0,10,0.0,1.0,0.0,0.0,0.0,0.6675000190734863,3.1665043505451993
0,10,1.0,0.0,0.0,0.0,0.0,0.5945000052452087,3.1665043505451993
0,10,0.0,0.0,0.0,-1.0,0.0,-0.7670010195503235,3.1665043505451993
0,11,-1.0,0.0,0.0,0.0,0.0,-0.4435009972581863,2.9162685208770873
0,11,0.0,1.0,0.0,0.0,0.0,0.6675000190734863,2.9162685208770873
0,11,-1.0,0.0,0.0,0.0,0.0,-0.5945010052452088,2.9162685208770873
0,11,0.0,1.0,0.0,0.0,0.0,0.20250000059604645,2.9162685208770873
0,12,-1.0,0.0,0.0,0.0,0.0,-0.4435009972581863,0.12973750032138848
0,12,0.0,1.0,0.0,0.0,0.0,0.6675000190734863,0.12973750032138848
0,12,-1.0,0.0,0.0,0.0,0.0,-0.5945010052452088,0.12973750032138848
0,12,0.0,-1.0,0.0,0.0,0.0,-0.20250100059604645,0.12973750032138848
0,13,-1.0,0.0,0.0,0.0,0.0,-0.4435009972581863,8.44921609908389
0,13,0.0,-1.0,0.0,0.0,0.0,-0.6675010190734864,8.44921609908389
0,13,1.0,0.0,0.0,0.0,0.0,0.5415000021457672,8.44921609908389
0,13,1.0,0.0,0.0,0.0,0.0,0.4724999964237213,8.44921609908389
0,14,-1.0,0.0,0.0,0.0,0.0,-0.4435009972581863,4.152017139910849
0,14,0.0,-1.0,0.0,0.0,0.0,-0.6675010190734864,4.152017139910849
0,14,1.0,0.0,0.0,0.0,0.0,0.5415000021457672,4.152017139910849
0,14,-1.0,0.0,0.0,0.0,0.0,-0.4725009964237213,4.152017139910849
0,15,-1.0,0.0,0.0,0.0,0.0,-0.4435009972581863,2.0200094429142794
0,15,0.0,-1.0,0.0,0.0,0.0,-0.6675010190734864,2.0200094429142794
0,15,-1.0,0.0,0.0,0.0,0.0,-0.5415010021457672,2.0200094429142794
0,15,0.0,1.0,0.0,0.0,0.0,0.7510000169277191,2.0200094429142794
0,16,-1.0,0.0,0.0,0.0,0.0,-0.4435009972581863,0.1845989868490234
0,16,0.0,-1.0,0.0,0.0,0.0,-0.6675010190734864,0.1845989868490234
0,16,-1.0,0.0,0.0,0.0,0.0,-0.5415010021457672,0.1845989868490234
0,16,0.0,-1.0,0.0,0.0,0.0,-0.7510010169277191,0.1845989868490234
1,1,0.0,1.0,0.0,0.0,0.0,0.4755000025033951,0.0
1,1,1.0,0.0,0.0,0.0,0.0,0.32350000739097595,0.0
1,1,0.0,0.0,0.0,0.0,1.0,0.738999992609024,0.0
1,1,0.0,0.0,1.0,0.0,0.0,0.22700000554323196,0.0
1,2,0.0,1.0,0.0,0.0,0.0,0.4755000025033951,3.928429599289232
1,2,1.0,0.0,0.0,0.0,0.0,0.32350000739097595,3.928429599289232
1,2,0.0,0.0,0.0,0.0,1.0,0.738999992609024,3.928429599289232
1,2,0.0,0.0,-1.0,0.0,0.0,-0.22700100554323197,3.928429599289232
1,3,0.0,1.0,0.0,0.0,0.0,0.4755000025033951,9.841264313925638
1,3,1.0,0.0,0.0,0.0,0.0,0.32350000739097595,9.841264313925638
1,3,0.0,0.0,0.0,0.0,-1.0,-0.7390009926090241,9.841264313925638
1,3,0.0,0.0,0.0,1.0,0.0,0.6159999966621399,9.841264313925638
1,4,0.0,1.0,0.0,0.0,0.0,0.4755000025033951,3.448621906521186
1,4,1.0,0.0,0.0,0.0,0.0,0.32350000739097595,3.448621906521186
1,4,0.0,0.0,0.0,0.0,-1.0,-0.7390009926090241,3.448621906521186
1,4,0.0,0.0,0.0,-1.0,0.0,-0.6160009966621399,3.448621906521186
1,5,0.0,1.0,0.0,0.0,0.0,0.4755000025033951,0.15651623966752776
1,5,-1.0,0.0,0.0,0.0,0.0,-0.3235010073909759,0.15651623966752776
1,5,1.0,0.0,0.0,0.0,0.0,0.47699999809265137,0.15651623966752776
1,5,1.0,0.0,0.0,0.0,0.0,0.3544999957084656,0.15651623966752776
1,6,0.0,1.0,0.0,0.0,0.0,0.4755000025033951,1.4343349573349382
1,6,-1.0,0.0,0.0,0.0,0.0,-0.3235010073909759,1.4343349573349382
1,6,1.0,0.0,0.0,0.0,0.0,0.47699999809265137,1.4343349573349382
1,6,-1.0,0.0,0.0,0.0,0.0,-0.35450099570846555,1.4343349573349382
1,7,0.0,1.0,0.0,0.0,0.0,0.4755000025033951,0.15097211234576094
1,7,-1.0,0.0,0.0,0.0,0.0,-0.3235010073909759,0.15097211234576094
1,7,-1.0,0.0,0.0,0.0,0.0,-0.47700099809265134,0.15097211234576094
1,7,0.0,0.0,0.0,1.0,0.0,0.7694999873638153,0.15097211234576094
1,8,0.0,1.0,0.0,0.0,0.0,0.4755000025033951,2.7890619677985087
1,8,-1.0,0.0,0.0,0.0,0.0,-0.3235010073909759,2.7890619677985087
1,8,-1.0,0.0,0.0,0.0,0.0,-0.47700099809265134,2.7890619677985087
1,8,0.0,0.0,0.0,-1.0,0.0,-0.7695009873638153,2.7890619677985087
1,9,0.0,-1.0,0.0,0.0,0.0,-0.47550100250339505,1.2437359218056756
1,9,1.0,0.0,0.0,0.0,0.0,0.4840000122785568,1.2437359218056756
1,9,0.0,0.0,0.0,1.0,0.0,0.42000000178813934,1.2437359218056756
1,9,0.0,0.0,0.0,1.0,0.0,0.29900000989437103,1.2437359218056756
1,10,0.0,-1.0,0.0,0.0,0.0,-0.47550100250339505,3.86143674534867
1,10,1.0,0.0,0.0,0.0,0.0,0.4840000122785568,3.86143674534867
1,10,0.0,0.0,0.0,1.0,0.0,0.42000000178813934,3.86143674534867
1,10,0.0,0.0,0.0,-1.0,0.0,-0.299001009894371,3.86143674534867
1,11,0.0,-1.0,0.0,0.0,0.0,-0.47550100250339505,5.345438607807362
1,11,1.0,0.0,0.0,0.0,0.0,0.4840000122785568,5.345438607807362
1,11,0.0,0.0,0.0,-1.0,0.0,-0.4200010017881393,5.345438607807362
1,11,0.0,0.0,0.0,0.0,1.0,0.5119999945163727,5.345438607807362
1,12,0.0,-1.0,0.0,0.0,0.0,-0.47550100250339505,7.805470165695067
1,12,1.0,0.0,0.0,0.0,0.0,0.4840000122785568,7.805470165695067
1,12,0.0,0.0,0.0,-1.0,0.0,-0.4200010017881393,7.805470165695067
1,12,0.0,0.0,0.0,0.0,-1.0,-0.5120009945163727,7.805470165695067
1,13,0.0,-1.0,0.0,0.0,0.0,-0.47550100250339505,0.4020998613457057
1,13,-1.0,0.0,0.0,0.0,0.0,-0.4840010122785568,0.4020998613457057
1,13,0.0,0.0,0.0,1.0,0.0,0.7650000154972076,0.4020998613457057
1,13,0.0,1.0,0.0,0.0,0.0,0.6825000047683716,0.4020998613457057
1,14,0.0,-1.0,0.0,0.0,0.0,-0.47550100250339505,1.712664929131169
1,14,-1.0,0.0,0.0,0.0,0.0,-0.4840010122785568,1.712664929131169
1,14,0.0,0.0,0.0,1.0,0.0,0.7650000154972076,1.712664929131169
1,14,0.0,-1.0,0.0,0.0,0.0,-0.6825010047683716,1.712664929131169
1,15,0.0,-1.0,0.0,0.0,0.0,-0.47550100250339505,2.28922804314598
1,15,-1.0,0.0,0.0,0.0,0.0,-0.4840010122785568,2.28922804314598
1,15,0.0,0.0,0.0,-1.0,0.0,-0.7650010154972077,2.28922804314598
1,15,0.0,0.0,0.0,0.0,1.0,0.3824999928474426,2.28922804314598
1,16,0.0,-1.0,0.0,0.0,0.0,-0.47550100250339505,8.417249982296001
1,16,-1.0,0.0,0.0,0.0,0.0,-0.4840010122785568,8.417249982296001
1,16,0.0,0.0,0.0,-1.0,0.0,-0.7650010154972077,8.417249982296001
1,16,0.0,0.0,0.0,0.0,-1.0,-0.3825009928474426,8.417249982296001
2,1,1.0,0.0,0.0,0.0,0.0,0.5125000178813934,4.771905106845122
2,1,0.0,1.0,0.0,0.0,0.0,0.5205000042915344,4.771905106845122
2,1,1.0,0.0,0.0,0.0,0.0,0.32350000739097595,4.771905106845122
2,1,0.0,0.0,1.0,0.0,0.0,0.5914999842643738,4.771905106845122
2,2,1.0,0.0,0.0,0.0,0.0,0.5125000178813934,2.8833775566234743
2,2,0.0,1.0,0.0,0.0,0.0,0.5205000042915344,2.8833775566234743
2,2,1.0,0.0,0.0,0.0,0.0,0.32350000739097595,2.8833775566234743
2,2,0.0,0.0,-1.0,0.0,0.0,-0.5915009842643738,2.8833775566234743
2,3,1.0,0.0,0.0,0.0,0.0,0.5125000178813934,1.05319187436485
2,3,0.0,1.0,0.0,0.0,0.0,0.5205000042915344,1.05319187436485
2,3,-1.0,0.0,0.0,0.0,0.0,-0.3235010073909759,1.05319187436485
2,3,0.0,0.0,0.0,0.0,1.0,0.590499997138977,1.05319187436485
2,4,1.0,0.0,0.0,0.0,0.0,0.5125000178813934,2.308124938755512
2,4,0.0,1.0,0.0,0.0,0.0,0.5205000042915344,2.308124938755512
2,4,-1.0,0.0,0.0,0.0,0.0,-0.3235010073909759,2.308124938755512
2,4,0.0,0.0,0.0,0.0,-1.0,-0.5905009971389771,2.308124938755512
2,5,1.0,0.0,0.0,0.0,0.0,0.5125000178813934,4.888253412084749
2,5,0.0,-1.0,0.0,0.0,0.0,-0.5205010042915345,4.888253412084749
2,5,0.0,0.0,1.0,0.0,0.0,0.33949999511241913,4.888253412084749
2,5,1.0,0.0,0.0,0.0,0.0,0.30249999463558197,4.888253412084749
2,6,1.0,0.0,0.0,0.0,0.0,0.5125000178813934,1.507427937819988
2,6,0.0,-1.0,0.0,0.0,0.0,-0.5205010042915345,1.507427937819988
2,6,0.0,0.0,1.0,0.0,0.0,0.33949999511241913,1.507427937819988
2,6,-1.0,0.0,0.0,0.0,0.0,-0.30250099463558194,1.507427937819988
2,7,1.0,0.0,0.0,0.0,0.0,0.5125000178813934,6.338843516062976
2,7,0.0,-1.0,0.0,0.0,0.0,-0.5205010042915345,6.338843516062976
2,7,0.0,0.0,-1.0,0.0,0.0,-0.3395009951124191,6.338843516062976
2,7,1.0,0.0,0.0,0.0,0.0,0.4724999964237213,6.338843516062976
2,8,1.0,0.0,0.0,0.0,0.0,0.5125000178813934,3.620572362739402
2,8,0.0,-1.0,0.0,0.0,0.0,-0.5205010042915345,3.620572362739402
2,8,0.0,0.0,-1.0,0.0,0.0,-0.3395009951124191,3.620572362739402
2,8,-1.0,0.0,0.0,0.0,0.0,-0.4725009964237213,3.620572362739402
2,9,-1.0,0.0,0.0,0.0,0.0,-0.5125010178813935,0.26464131666058877
2,9,1.0,0.0,0.0,0.0,0.0,0.527999997138977,0.26464131666058877
2,9,1.0,0.0,0.0,0.0,0.0,0.5225000083446503,0.26464131666058877
2,9,0.0,0.0,0.0,0.0,1.0,0.7260000109672546,0.26464131666058877
2,10,-1.0,0.0,0.0,0.0,0.0,-0.5125010178813935,3.7712736014265658
2,10,1.0,0.0,0.0,0.0,0.0,0.527999997138977,3.7712736014265658
2,10,1.0,0.0,0.0,0.0,0.0,0.5225000083446503,3.7712736014265658
2,10,0.0,0.0,0.0,0.0,-1.0,-0.7260010109672547,3.7712736014265658
2,11,-1.0,0.0,0.0,0.0,0.0,-0.5125010178813935,1.0914649487193444
2,11,1.0,0.0,0.0,0.0,0.0,0.527999997138977,1.0914649487193444
2,11,-1.0,0.0,0.0,0.0,0.0,-0.5225010083446503,1.0914649487193444
2,11,0.0,0.0,0.0,1.0,0.0,0.476500004529953,1.0914649487193444
2,12,-1.0,0.0,0.0,0.0,0.0,-0.5125010178813935,7.9092964335813924
2,12,1.0,0.0,0.0,0.0,0.0,0.527999997138977,7.9092964335813924
2,12,-1.0,0.0,0.0,0.0,0.0,-0.5225010083446503,7.9092964335813924
2,12,0.0,0.0,0.0,-1.0,0.0,-0.476501004529953,7.9092964335813924
2,13,-1.0,0.0,0.0,0.0,0.0,-0.5125010178813935,0.5292815010979621
2,13,-1.0,0.0,0.0,0.0,0.0,-0.5280009971389771,0.5292815010979621
2,13,0.0,0.0,0.0,0.0,1.0,0.4985000044107437,0.5292815010979621
2,13,1.0,0.0,0.0,0.0,0.0,0.7800000011920929,0.5292815010979621
2,14,-1.0,0.0,0.0,0.0,0.0,-0.5125010178813935,2.1742044849472415
2,14,-1.0,0.0,0.0,0.0,0.0,-0.5280009971389771,2.1742044849472415
2,14,0.0,0.0,0.0,0.0,1.0,0.4985000044107437,2.1742044849472415
2,14,-1.0,0.0,0.0,0.0,0.0,-0.7800010011920929,2.1742044849472415
2,15,-1.0,0.0,0.0,0.0,0.0,-0.5125010178813935,0.1344299504446963
2,15,-1.0,0.0,0.0,0.0,0.0,-0.5280009971389771,0.1344299504446963
2,15,0.0,0.0,0.0,0.0,-1.0,-0.4985010044107437,0.1344299504446963
2,15,0.0,0.0,0.0,1.0,0.0,0.6044999957084656,0.1344299504446963
2,16,-1.0,0.0,0.0,0.0,0.0,-0.5125010178813935,0.5079718265617112
2,16,-1.0,0.0,0.0,0.0,0.0,-0.5280009971389771,0.5079718265617112
2,16,0.0,0.0,0.0,0.0,-1.0,-0.4985010044107437,0.5079718265617112
2,16,0.0,0.0,0.0,-1.0,0.0,-0.6045009957084656,0.5079718265617112
3,1,1.0,0.0,0.0,0.0,0.0,0.4739999920129776,1.0890785562417442
3,1,0.0,1.0,0.0,0.0,0.0,0.4840000122785568,1.0890785562417442
3,1,1.0,0.0,0.0,0.0,0.0,0.32350000739097595,1.0890785562417442
3,1,0.0,1.0,0.0,0.0,0.0,0.24149999767541885,1.0890785562417442
3,2,1.0,0.0,0.0,0.0,0.0,0.4739999920129776,4.75663028268305
3,2,0.0,1.0,0.0,0.0,0.0,0.4840000122785568,4.75663028268305
3,2,1.0,0.0,0.0,0.0,0.0,0.32350000739097595,4.75663028268305
3,2,0.0,-1.0,0.0,0.0,0.0,-0.24150099767541885,4.75663028268305
3,3,1.0,0.0,0.0,0.0,0.0,0.4739999920129776,0.2802815547067851
3,3,0.0,1.0,0.0,0.0,0.0,0.4840000122785568,0.2802815547067851
3,3,-1.0,0.0,0.0,0.0,0.0,-0.3235010073909759,0.2802815547067851
3,3,0.0,0.0,0.0,1.0,0.0,0.41700001060962677,0.2802815547067851
3,4,1.0,0.0,0.0,0.0,0.0,0.4739999920129776,1.7658889493550212
3,4,0.0,1.0,0.0,0.0,0.0,0.4840000122785568,1.7658889493550212
3,4,-1.0,0.0,0.0,0.0,0.0,-0.3235010073909759,1.7658889493550212
3,4,0.0,0.0,0.0,-1.0,0.0,-0.41700101060962674,1.7658889493550212
3,5,1.0,0.0,0.0,0.0,0.0,0.4739999920129776,5.612898076671079
3,5,0.0,-1.0,0.0,0.0,0.0,-0.4840010122785568,5.612898076671079
3,5,0.0,0.0,0.0,0.0,1.0,0.29250000417232513,5.612898076671079
3,5,1.0,0.0,0.0,0.0,0.0,0.271000012755394,5.612898076671079
3,6,1.0,0.0,0.0,0.0,0.0,0.4739999920129776,2.073223399055807
3,6,0.0,-1.0,0.0,0.0,0.0,-0.4840010122785568,2.073223399055807
3,6,0.0,0.0,0.0,0.0,1.0,0.29250000417232513,2.073223399055807
3,6,-1.0,0.0,0.0,0.0,0.0,-0.27100101275539396,2.073223399055807
3,7,1.0,0.0,0.0,0.0,0.0,0.4739999920129776,2.8118224181762486
3,7,0.0,-1.0,0.0,0.0,0.0,-0.4840010122785568,2.8118224181762486
3,7,0.0,0.0,0.0,0.0,-1.0,-0.2925010041723251,2.8118224181762486
3,7,0.0,0.0,1.0,0.0,0.0,0.27650000154972076,2.8118224181762486
3,8,1.0,0.0,0.0,0.0,0.0,0.4739999920129776,6.693175846544858
3,8,0.0,-1.0,0.0,0.0,0.0,-0.4840010122785568,6.693175846544858
3,8,0.0,0.0,0.0,0.0,-1.0,-0.2925010041723251,6.693175846544858
3,8,0.0,0.0,-1.0,0.0,0.0,-0.27650100154972074,6.693175846544858
3,9,-1.0,0.0,0.0,0.0,0.0,-0.4740009920129776,0.0
3,9,1.0,0.0,0.0,0.0,0.0,0.5284999907016754,0.0
3,9,0.0,1.0,0.0,0.0,0.0,0.56700000166893,0.0
3,9,0.0,0.0,0.0,0.0,1.0,0.4150000065565109,0.0
3,10,-1.0,0.0,0.0,0.0,0.0,-0.4740009920129776,1.295311259995668
3,10,1.0,0.0,0.0,0.0,0.0,0.5284999907016754,1.295311259995668
3,10,0.0,1.0,0.0,0.0,0.0,0.56700000166893,1.295311259995668
3,10,0.0,0.0,0.0,0.0,-1.0,-0.4150010065565109,1.295311259995668
3,11,-1.0,0.0,0.0,0.0,0.0,-0.4740009920129776,0.8009910691647747
3,11,1.0,0.0,0.0,0.0,0.0,0.5284999907016754,0.8009910691647747
3,11,0.0,-1.0,0.0,0.0,0.0,-0.5670010016689301,0.8009910691647747
3,11,0.0,0.0,0.0,1.0,0.0,0.46700000762939453,0.8009910691647747
3,12,-1.0,0.0,0.0,0.0,0.0,-0.4740009920129776,5.801974200534254
3,12,1.0,0.0,0.0,0.0,0.0,0.5284999907016754,5.801974200534254
3,12,0.0,-1.0,0.0,0.0,0.0,-0.5670010016689301,5.801974200534254
3,12,0.0,0.0,0.0,-1.0,0.0,-0.4670010076293945,5.801974200534254
3,13,-1.0,0.0,0.0,0.0,0.0,-0.4740009920129776,0.26511226878750027
3,13,-1.0,0.0,0.0,0.0,0.0,-0.5285009907016754,0.26511226878750027
3,13,0.0,1.0,0.0,0.0,0.0,0.6825000047683716,0.26511226878750027
3,13,0.0,0.0,0.0,1.0,0.0,0.7694999873638153,0.26511226878750027
3,14,-1.0,0.0,0.0,0.0,0.0,-0.4740009920129776,1.598813874559737
3,14,-1.0,0.0,0.0,0.0,0.0,-0.5285009907016754,1.598813874559737
3,14,0.0,1.0,0.0,0.0,0.0,0.6825000047683716,1.598813874559737
3,14,0.0,0.0,0.0,-1.0,0.0,-0.7695009873638153,1.598813874559737
3,15,-1.0,0.0,0.0,0.0,0.0,-0.4740009920129776,0.8030485899972795
3,15,-1.0,0.0,0.0,0.0,0.0,-0.5285009907016754,0.8030485899972795
3,15,0.0,-1.0,0.0,0.0,0.0,-0.6825010047683716,0.8030485899972795
3,15,0.0,0.0,0.0,1.0,0.0,0.7750000059604645,0.8030485899972795
3,16,-1.0,0.0,0.0,0.0,0.0,-0.4740009920129776,10.801199174806893
3,16,-1.0,0.0,0.0,0.0,0.0,-0.5285009907016754,10.801199174806893
3,16,0.0,-1.0,0.0,0.0,0.0,-0.6825010047683716,10.801199174806893
3,16,0.0,0.0,0.0,-1.0,0.0,-0.7750010059604645,10.801199174806893
4,1,0.0,0.0,0.0,1.0,0.0,0.42149999737739563,6.719886249224799
4,1,1.0,0.0,0.0,0.0,0.0,0.289000004529953,6.719886249224799
4,1,1.0,0.0,0.0,0.0,0.0,0.215999998152256,6.719886249224799
4,1,0.0,0.0,0.0,0.0,1.0,0.5794999897480011,6.719886249224799
4,2,0.0,0.0,0.0,1.0,0.0,0.42149999737739563,6.898411171284606
4,2,1.0,0.0,0.0,0.0,0.0,0.289000004529953,6.898411171284606
4,2,1.0,0.0,0.0,0.0,0.0,0.215999998152256,6.898411171284606
4,2,0.0,0.0,0.0,0.0,-1.0,-0.5795009897480011,6.898411171284606
4,3,0.0,0.0,0.0,1.0,0.0,0.42149999737739563,4.622208244308252
4,3,1.0,0.0,0.0,0.0,0.0,0.289000004529953,4.622208244308252
4,3,-1.0,0.0,0.0,0.0,0.0,-0.216000998152256,4.622208244308252
4,3,0.0,1.0,0.0,0.0,0.0,0.7664999961853027,4.622208244308252
4,4,0.0,0.0,0.0,1.0,0.0,0.42149999737739563,8.873743287696339
4,4,1.0,0.0,0.0,0.0,0.0,0.289000004529953,8.873743287696339
4,4,-1.0,0.0,0.0,0.0,0.0,-0.216000998152256,8.873743287696339
4,4,0.0,-1.0,0.0,0.0,0.0,-0.7665009961853028,8.873743287696339
4,5,0.0,0.0,0.0,1.0,0.0,0.42149999737739563,0.3114437087030736
4,5,-1.0,0.0,0.0,0.0,0.0,-0.289001004529953,0.3114437087030736
4,5,1.0,0.0,0.0,0.0,0.0,0.43449999392032623,0.3114437087030736
4,5,0.0,0.0,0.0,1.0,0.0,0.28300000727176666,0.3114437087030736
4,6,0.0,0.0,0.0,1.0,0.0,0.42149999737739563,3.059590871182501
4,6,-1.0,0.0,0.0,0.0,0.0,-0.289001004529953,3.059590871182501
4,6,1.0,0.0,0.0,0.0,0.0,0.43449999392032623,3.059590871182501
4,6,0.0,0.0,0.0,-1.0,0.0,-0.28300100727176664,3.059590871182501
4,7,0.0,0.0,0.0,1.0,0.0,0.42149999737739563,0.2238892858393995
4,7,-1.0,0.0,0.0,0.0,0.0,-0.289001004529953,0.2238892858393995
4,7,-1.0,0.0,0.0,0.0,0.0,-0.4345009939203262,0.2238892858393995
4,7,0.0,1.0,0.0,0.0,0.0,0.7964999973773956,0.2238892858393995
4,8,0.0,0.0,0.0,1.0,0.0,0.42149999737739563,8.951808890085136
4,8,-1.0,0.0,0.0,0.0,0.0,-0.289001004529953,8.951808890085136
4,8,-1.0,0.0,0.0,0.0,0.0,-0.4345009939203262,8.951808890085136
4,8,0.0,-1.0,0.0,0.0,0.0,-0.7965009973773957,8.951808890085136
4,9,0.0,0.0,0.0,-1.0,0.0,-0.4215009973773956,0.8463764613642822
4,9,0.0,1.0,0.0,0.0,0.0,0.5205000042915344,0.8463764613642822
4,9,0.0,0.0,0.0,0.0,1.0,0.7240000069141388,0.8463764613642822
4,9,0.0,1.0,0.0,0.0,0.0,0.43150000274181366,0.8463764613642822
4,10,0.0,0.0,0.0,-1.0,0.0,-0.4215009973773956,2.1417536551916285
4,10,0.0,1.0,0.0,0.0,0.0,0.5205000042915344,2.1417536551916285
4,10,0.0,0.0,0.0,0.0,1.0,0.7240000069141388,2.1417536551916285
4,10,0.0,-1.0,0.0,0.0,0.0,-0.43150100274181363,2.1417536551916285
4,11,0.0,0.0,0.0,-1.0,0.0,-0.4215009973773956,6.917245428978684
4,11,0.0,1.0,0.0,0.0,0.0,0.5205000042915344,6.917245428978684
4,11,0.0,0.0,0.0,0.0,-1.0,-0.7240010069141388,6.917245428978684
4,11,0.0,1.0,0.0,0.0,0.0,0.2619999945163727,6.917245428978684
4,12,0.0,0.0,0.0,-1.0,0.0,-0.4215009973773956,1.7601684064960184
4,12,0.0,1.0,0.0,0.0,0.0,0.5205000042915344,1.7601684064960184
4,12,0.0,0.0,0.0,0.0,-1.0,-0.7240010069141388,1.7601684064960184
4,12,0.0,-1.0,0.0,0.0,0.0,-0.26200099451637265,1.7601684064960184
4,13,0.0,0.0,0.0,-1.0,0.0,-0.4215009973773956,6.918539552884598
4,13,0.0,-1.0,0.0,0.0,0.0,-0.5205010042915345,6.918539552884598
4,13,0.0,0.0,0.0,1.0,0.0,0.7744999825954437,6.918539552884598
4,13,1.0,0.0,0.0,0.0,0.0,0.5329999923706055,6.918539552884598
4,14,0.0,0.0,0.0,-1.0,0.0,-0.4215009973773956,0.6759544275454223
4,14,0.0,-1.0,0.0,0.0,0.0,-0.5205010042915345,0.6759544275454223
4,14,0.0,0.0,0.0,1.0,0.0,0.7744999825954437,0.6759544275454223
4,14,-1.0,0.0,0.0,0.0,0.0,-0.5330009923706055,0.6759544275454223
4,15,0.0,0.0,0.0,-1.0,0.0,-0.4215009973773956,9.580891960273341
4,15,0.0,-1.0,0.0,0.0,0.0,-0.5205010042915345,9.580891960273341
4,15,0.0,0.0,0.0,-1.0,0.0,-0.7745009825954438,9.580891960273341
4,15,1.0,0.0,0.0,0.0,0.0,0.7380000054836273,9.580891960273341
4,16,0.0,0.0,0.0,-1.0,0.0,-0.4215009973773956,0.0
4,16,0.0,-1.0,0.0,0.0,0.0,-0.5205010042915345,0.0
4,16,0.0,0.0,0.0,-1.0,0.0,-0.7745009825954438,0.0
4,16,-1.0,0.0,0.0,0.0,0.0,-0.7380010054836273,0.0
5,1,1.0,0.0,0.0,0.0,0.0,0.4334999918937683,1.1174148315483372
5,1,0.0,0.0,0.0,1.0,0.0,0.42149999737739563,1.1174148315483372
5,1,0.0,0.0,0.0,0.0,1.0,0.7214999794960022,1.1174148315483372
5,1,0.0,0.0,0.0,1.0,0.0,0.278999999165535,1.1174148315483372
5,2,1.0,0.0,0.0,0.0,0.0,0.4334999918937683,2.8112621487579643
5,2,0.0,0.0,0.0,1.0,0.0,0.42149999737739563,2.8112621487579643
5,2,0.0,0.0,0.0,0.0,1.0,0.7214999794960022,2.8112621487579643
5,2,0.0,0.0,0.0,-1.0,0.0,-0.27900099916553495,2.8112621487579643
5,3,1.0,0.0,0.0,0.0,0.0,0.4334999918937683,4.877487532194274
5,3,0.0,0.0,0.0,1.0,0.0,0.42149999737739563,4.877487532194274
5,3,0.0,0.0,0.0,0.0,-1.0,-0.7215009794960022,4.877487532194274
5,3,0.0,0.0,1.0,0.0,0.0,0.7590000033378601,4.877487532194274
5,4,1.0,0.0,0.0,0.0,0.0,0.4334999918937683,0.6570262252790784
5,4,0.0,0.0,0.0,1.0,0.0,0.42149999737739563,0.6570262252790784
5,4,0.0,0.0,0.0,0.0,-1.0,-0.7215009794960022,0.6570262252790784
5,4,0.0,0.0,-1.0,0.0,0.0,-0.7590010033378601,0.6570262252790784
5,5,1.0,0.0,0.0,0.0,0.0,0.4334999918937683,1.707252516666292
5,5,0.0,0.0,0.0,-1.0,0.0,-0.4215009973773956,1.707252516666292
5,5,1.0,0.0,0.0,0.0,0.0,0.4245000034570694,1.707252516666292
5,5,0.0,1.0,0.0,0.0,0.0,0.36400000751018524,1.707252516666292
5,6,1.0,0.0,0.0,0.0,0.0,0.4334999918937683,6.751450066613525
5,6,0.0,0.0,0.0,-1.0,0.0,-0.4215009973773956,6.751450066613525
5,6,1.0,0.0,0.0,0.0,0.0,0.4245000034570694,6.751450066613525
5,6,0.0,-1.0,0.0,0.0,0.0,-0.3640010075101852,6.751450066613525
5,7,1.0,0.0,0.0,0.0,0.0,0.4334999918937683,2.637629468784572
5,7,0.0,0.0,0.0,-1.0,0.0,-0.4215009973773956,2.637629468784572
5,7,-1.0,0.0,0.0,0.0,0.0,-0.42450100345706937,2.637629468784572
5,7,0.0,1.0,0.0,0.0,0.0,0.656000018119812,2.637629468784572
5,8,1.0,0.0,0.0,0.0,0.0,0.4334999918937683,12.772741710624315
5,8,0.0,0.0,0.0,-1.0,0.0,-0.4215009973773956,12.772741710624315
5,8,-1.0,0.0,0.0,0.0,0.0,-0.42450100345706937,12.772741710624315
5,8,0.0,-1.0,0.0,0.0,0.0,-0.656001018119812,12.772741710624315
5,9,-1.0,0.0,0.0,0.0,0.0,-0.4335009918937683,0.12565835320473218
5,9,1.0,0.0,0.0,0.0,0.0,0.535999983549118,0.12565835320473218
5,9,0.0,0.0,0.0,1.0,0.0,0.403999999165535,0.12565835320473218
5,9,0.0,0.0,1.0,0.0,0.0,0.5750000178813934,0.12565835320473218
5,10,-1.0,0.0,0.0,0.0,0.0,-0.4335009918937683,0.5497412898063324
5,10,1.0,0.0,0.0,0.0,0.0,0.535999983549118,0.5497412898063324
5,10,0.0,0.0,0.0,1.0,0.0,0.403999999165535,0.5497412898063324
5,10,0.0,0.0,-1.0,0.0,0.0,-0.5750010178813935,0.5497412898063324
5,11,-1.0,0.0,0.0,0.0,0.0,-0.4335009918937683,4.176352813346119
5,11,1.0,0.0,0.0,0.0,0.0,0.535999983549118,4.176352813346119
5,11,0.0,0.0,0.0,-1.0,0.0,-0.40400099916553495,4.176352813346119
5,11,0.0,0.0,0.0,1.0,0.0,0.6525000035762787,4.176352813346119
5,12,-1.0,0.0,0.0,0.0,0.0,-0.4335009918937683,0.4130908962549616
5,12,1.0,0.0,0.0,0.0,0.0,0.535999983549118,0.4130908962549616
5,12,0.0,0.0,0.0,-1.0,0.0,-0.40400099916553495,0.4130908962549616
5,12,0.0,0.0,0.0,-1.0,0.0,-0.6525010035762787,0.4130908962549616
5,13,-1.0,0.0,0.0,0.0,0.0,-0.4335009918937683,0.3561759498819001
5,13,-1.0,0.0,0.0,0.0,0.0,-0.5360009835491181,0.3561759498819001
5,13,0.0,1.0,0.0,0.0,0.0,0.6965000033378601,0.3561759498819001
5,13,0.0,1.0,0.0,0.0,0.0,0.6825000047683716,0.3561759498819001
5,14,-1.0,0.0,0.0,0.0,0.0,-0.4335009918937683,1.2549561902485646
5,14,-1.0,0.0,0.0,0.0,0.0,-0.5360009835491181,1.2549561902485646
5,14,0.0,1.0,0.0,0.0,0.0,0.6965000033378601,1.2549561902485646
5,14,0.0,-1.0,0.0,0.0,0.0,-0.6825010047683716,1.2549561902485646
5,15,-1.0,0.0,0.0,0.0,0.0,-0.4335009918937683,3.7772377197147637
5,15,-1.0,0.0,0.0,0.0,0.0,-0.5360009835491181,3.7772377197147637
5,15,0.0,-1.0,0.0,0.0,0.0,-0.6965010033378601,3.7772377197147637
5,15,1.0,0.0,0.0,0.0,0.0,0.6814999878406525,3.7772377197147637
5,16,-1.0,0.0,0.0,0.0,0.0,-0.4335009918937683,0.6098626802947208
5,16,-1.0,0.0,0.0,0.0,0.0,-0.5360009835491181,0.6098626802947208
5,16,0.0,-1.0,0.0,0.0,0.0,-0.6965010033378601,0.6098626802947208
5,16,-1.0,0.0,0.0,0.0,0.0,-0.6815009878406525,0.6098626802947208
6,1,0.0,1.0,0.0,0.0,0.0,0.3645000010728836,1.6284206338031681
6,1,1.0,0.0,0.0,0.0,0.0,0.40150000154972076,1.6284206338031681
6,1,0.0,0.0,0.0,0.0,1.0,0.6870000064373016,1.6284206338031681
6,1,0.0,0.0,1.0,0.0,0.0,0.7625000178813934,1.6284206338031681
6,2,0.0,1.0,0.0,0.0,0.0,0.3645000010728836,10.565572023385531
6,2,1.0,0.0,0.0,0.0,0.0,0.40150000154972076,10.565572023385531
6,2,0.0,0.0,0.0,0.0,1.0,0.6870000064373016,10.565572023385531
6,2,0.0,0.0,-1.0,0.0,0.0,-0.7625010178813935,10.565572023385531
6,3,0.0,1.0,0.0,0.0,0.0,0.3645000010728836,6.350510269958082
6,3,1.0,0.0,0.0,0.0,0.0,0.40150000154972076,6.350510269958082
6,3,0.0,0.0,0.0,0.0,-1.0,-0.6870010064373017,6.350510269958082
6,3,0.0,0.0,0.0,1.0,0.0,0.7204999923706055,6.350510269958082
6,4,0.0,1.0,0.0,0.0,0.0,0.3645000010728836,2.1277823648069027
6,4,1.0,0.0,0.0,0.0,0.0,0.40150000154972076,2.1277823648069027
6,4,0.0,0.0,0.0,0.0,-1.0,-0.6870010064373017,2.1277823648069027
6,4,0.0,0.0,0.0,-1.0,0.0,-0.7205009923706055,2.1277823648069027
6,5,0.0,1.0,0.0,0.0,0.0,0.3645000010728836,0.15369092515158184
6,5,-1.0,0.0,0.0,0.0,0.0,-0.40150100154972074,0.15369092515158184
6,5,1.0,0.0,0.0,0.0,0.0,0.527999997138977,0.15369092515158184
6,5,0.0,0.0,0.0,0.0,1.0,0.35199999809265137,0.15369092515158184
6,6,0.0,1.0,0.0,0.0,0.0,0.3645000010728836,1.2265989395131602
6,6,-1.0,0.0,0.0,0.0,0.0,-0.40150100154972074,1.2265989395131602
6,6,1.0,0.0,0.0,0.0,0.0,0.527999997138977,1.2265989395131602
6,6,0.0,0.0,0.0,0.0,-1.0,-0.35200099809265134,1.2265989395131602
6,7,0.0,1.0,0.0,0.0,0.0,0.3645000010728836,0.05201794634249468
6,7,-1.0,0.0,0.0,0.0,0.0,-0.40150100154972074,0.05201794634249468
6,7,-1.0,0.0,0.0,0.0,0.0,-0.5280009971389771,0.05201794634249468
6,7,0.0,0.0,0.0,1.0,0.0,0.6410000026226044,0.05201794634249468
6,8,0.0,1.0,0.0,0.0,0.0,0.3645000010728836,0.647375630608101
6,8,-1.0,0.0,0.0,0.0,0.0,-0.40150100154972074,0.647375630608101
6,8,-1.0,0.0,0.0,0.0,0.0,-0.5280009971389771,0.647375630608101
6,8,0.0,0.0,0.0,-1.0,0.0,-0.6410010026226044,0.647375630608101
6,9,0.0,-1.0,0.0,0.0,0.0,-0.3645010010728836,6.917141507389213
6,9,0.0,1.0,0.0,0.0,0.0,0.7249999940395355,6.917141507389213
6,9,0.0,0.0,0.0,0.0,1.0,0.6290000081062317,6.917141507389213
6,9,0.0,1.0,0.0,0.0,0.0,0.3660000115633011,6.917141507389213
6,10,0.0,-1.0,0.0,0.0,0.0,-0.3645010010728836,2.2714468464096322
6,10,0.0,1.0,0.0,0.0,0.0,0.7249999940395355,2.2714468464096322
6,10,0.0,0.0,0.0,0.0,1.0,0.6290000081062317,2.2714468464096322
6,10,0.0,-1.0,0.0,0.0,0.0,-0.36600101156330106,2.2714468464096322
6,11,0.0,-1.0,0.0,0.0,0.0,-0.3645010010728836,1.4466582484923496
6,11,0.0,1.0,0.0,0.0,0.0,0.7249999940395355,1.4466582484923496
6,11,0.0,0.0,0.0,0.0,-1.0,-0.6290010081062317,1.4466582484923496
6,11,0.0,0.0,0.0,1.0,0.0,0.4215000122785568,1.4466582484923496
6,12,0.0,-1.0,0.0,0.0,0.0,-0.3645010010728836,5.140700736741482
6,12,0.0,1.0,0.0,0.0,0.0,0.7249999940395355,5.140700736741482
6,12,0.0,0.0,0.0,0.0,-1.0,-0.6290010081062317,5.140700736741482
6,12,0.0,0.0,0.0,-1.0,0.0,-0.4215010122785568,5.140700736741482
6,13,0.0,-1.0,0.0,0.0,0.0,-0.3645010010728836,1.0488173324217813
6,13,0.0,-1.0,0.0,0.0,0.0,-0.7250009940395356,1.0488173324217813
6,13,0.0,1.0,0.0,0.0,0.0,0.7849999964237213,1.0488173324217813
6,13,0.0,0.0,1.0,0.0,0.0,0.3020000010728836,1.0488173324217813
6,14,0.0,-1.0,0.0,0.0,0.0,-0.3645010010728836,6.530880473882561
6,14,0.0,-1.0,0.0,0.0,0.0,-0.7250009940395356,6.530880473882561
6,14,0.0,1.0,0.0,0.0,0.0,0.7849999964237213,6.530880473882561
6,14,0.0,0.0,-1.0,0.0,0.0,-0.3020010010728836,6.530880473882561
6,15,0.0,-1.0,0.0,0.0,0.0,-0.3645010010728836,0.9627243719014187
6,15,0.0,-1.0,0.0,0.0,0.0,-0.7250009940395356,0.9627243719014187
6,15,0.0,-1.0,0.0,0.0,0.0,-0.7850009964237213,0.9627243719014187
6,15,0.0,0.0,0.0,0.0,1.0,0.675000011920929,0.9627243719014187
6,16,0.0,-1.0,0.0,0.0,0.0,-0.3645010010728836,4.817482162000924
6,16,0.0,-1.0,0.0,0.0,0.0,-0.7250009940395356,4.817482162000924
6,16,0.0,-1.0,0.0,0.0,0.0,-0.7850009964237213,4.817482162000924
6,16,0.0,0.0,0.0,0.0,-1.0,-0.675001011920929,4.817482162000924
7,1,1.0,0.0,0.0,0.0,0.0,0.4739999920129776,0.8101040463567996
7,1,0.0,0.0,0.0,1.0,0.0,0.3075000047683716,0.8101040463567996
7,1,0.0,0.0,0.0,0.0,1.0,0.38600000739097595,0.8101040463567996
7,1,0.0,0.0,0.0,0.0,1.0,0.33650000393390656,0.8101040463567996
7,2,1.0,0.0,0.0,0.0,0.0,0.4739999920129776,3.632801679337279
7,2,0.0,0.0,0.0,1.0,0.0,0.3075000047683716,3.632801679337279
7,2,0.0,0.0,0.0,0.0,1.0,0.38600000739097595,3.632801679337279
7,2,0.0,0.0,0.0,0.0,-1.0,-0.33650100393390653,3.632801679337279
7,3,1.0,0.0,0.0,0.0,0.0,0.4739999920129776,0.23858580956891967
7,3,0.0,0.0,0.0,1.0,0.0,0.3075000047683716,0.23858580956891967
7,3,0.0,0.0,0.0,0.0,-1.0,-0.3860010073909759,0.23858580956891967
7,3,0.0,0.0,0.0,1.0,0.0,0.26649999618530273,0.23858580956891967
7,4,1.0,0.0,0.0,0.0,0.0,0.4739999920129776,1.3160299760498677
7,4,0.0,0.0,0.0,1.0,0.0,0.3075000047683716,1.3160299760498677
7,4,0.0,0.0,0.0,0.0,-1.0,-0.3860010073909759,1.3160299760498677
7,4,0.0,0.0,0.0,-1.0,0.0,-0.2665009961853027,1.3160299760498677
7,5,1.0,0.0,0.0,0.0,0.0,0.4739999920129776,4.464480006493312
7,5,0.0,0.0,0.0,-1.0,0.0,-0.30750100476837156,4.464480006493312
7,5,1.0,0.0,0.0,0.0,0.0,0.3505000025033951,4.464480006493312
7,5,0.0,0.0,0.0,0.0,1.0,0.460999995470047,4.464480006493312
7,6,1.0,0.0,0.0,0.0,0.0,0.4739999920129776,6.67791984984463
7,6,0.0,0.0,0.0,-1.0,0.0,-0.30750100476837156,6.67791984984463
7,6,1.0,0.0,0.0,0.0,0.0,0.3505000025033951,6.67791984984463
7,6,0.0,0.0,0.0,0.0,-1.0,-0.46100099547004697,6.67791984984463
7,7,1.0,0.0,0.0,0.0,0.0,0.4739999920129776,1.9627232208487317
7,7,0.0,0.0,0.0,-1.0,0.0,-0.30750100476837156,1.9627232208487317
7,7,-1.0,0.0,0.0,0.0,0.0,-0.35050100250339505,1.9627232208487317
7,7,0.0,0.0,1.0,0.0,0.0,0.4165000021457672,1.9627232208487317
7,8,1.0,0.0,0.0,0.0,0.0,0.4739999920129776,4.918344538581935
7,8,0.0,0.0,0.0,-1.0,0.0,-0.30750100476837156,4.918344538581935
7,8,-1.0,0.0,0.0,0.0,0.0,-0.35050100250339505,4.918344538581935
7,8,0.0,0.0,-1.0,0.0,0.0,-0.4165010021457672,4.918344538581935
7,9,-1.0,0.0,0.0,0.0,0.0,-0.4740009920129776,0.9428184003566414
7,9,0.0,0.0,1.0,0.0,0.0,0.3264999985694885,0.9428184003566414
7,9,1.0,0.0,0.0,0.0,0.0,0.7910000085830688,0.9428184003566414
7,9,1.0,0.0,0.0,0.0,0.0,0.5254999995231628,0.9428184003566414
7,10,-1.0,0.0,0.0,0.0,0.0,-0.4740009920129776,0.013453607088607595
7,10,0.0,0.0,1.0,0.0,0.0,0.3264999985694885,0.013453607088607595
7,10,1.0,0.0,0.0,0.0,0.0,0.7910000085830688,0.013453607088607595
7,10,-1.0,0.0,0.0,0.0,0.0,-0.5255009995231629,0.013453607088607595
7,11,-1.0,0.0,0.0,0.0,0.0,-0.4740009920129776,2.7859016115822706
7,11,0.0,0.0,1.0,0.0,0.0,0.3264999985694885,2.7859016115822706
7,11,-1.0,0.0,0.0,0.0,0.0,-0.7910010085830689,2.7859016115822706
7,12,-1.0,0.0,0.0,0.0,0.0,-0.4740009920129776,12.929521425797112
7,12,0.0,0.0,-1.0,0.0,0.0,-0.3265009985694885,12.929521425797112
7,12,0.0,0.0,1.0,0.0,0.0,0.32999999821186066,12.929521425797112
7,13,-1.0,0.0,0.0,0.0,0.0,-0.4740009920129776,0.49297819957810324
7,13,0.0,0.0,-1.0,0.0,0.0,-0.3265009985694885,0.49297819957810324
7,13,0.0,0.0,-1.0,0.0,0.0,-0.33000099821186063,0.49297819957810324
7,13,0.0,1.0,0.0,0.0,0.0,0.7014999985694885,0.49297819957810324
7,14,-1.0,0.0,0.0,0.0,0.0,-0.4740009920129776,2.990570635533536
7,14,0.0,0.0,-1.0,0.0,0.0,-0.3265009985694885,2.990570635533536
7,14,0.0,0.0,-1.0,0.0,0.0,-0.33000099821186063,2.990570635533536
7,14,0.0,-1.0,0.0,0.0,0.0,-0.7015009985694886,2.990570635533536
8,1,0.0,0.0,0.0,1.0,0.0,0.41449999809265137,0.0
8,1,0.0,1.0,0.0,0.0,0.0,0.32850000262260437,0.0
8,1,0.0,0.0,0.0,1.0,0.0,0.2824999988079071,0.0
8,1,0.0,1.0,0.0,0.0,0.0,0.27250000834465027,0.0
8,2,0.0,0.0,0.0,1.0,0.0,0.41449999809265137,0.44328289289884126
8,2,0.0,1.0,0.0,0.0,0.0,0.32850000262260437,0.44328289289884126
8,2,0.0,0.0,0.0,1.0,0.0,0.2824999988079071,0.44328289289884126
8,2,0.0,-1.0,0.0,0.0,0.0,-0.27250100834465024,0.44328289289884126
8,3,0.0,0.0,0.0,1.0,0.0,0.41449999809265137,0.4160551688532813
8,3,0.0,1.0,0.0,0.0,0.0,0.32850000262260437,0.4160551688532813
8,3,0.0,0.0,0.0,-1.0,0.0,-0.2825009988079071,0.4160551688532813
8,3,0.0,0.0,0.0,0.0,1.0,0.50450000166893,0.4160551688532813
8,4,0.0,0.0,0.0,1.0,0.0,0.41449999809265137,2.1995456453128077
8,4,0.0,1.0,0.0,0.0,0.0,0.32850000262260437,2.1995456453128077
8,4,0.0,0.0,0.0,-1.0,0.0,-0.2825009988079071,2.1995456453128077
8,4,0.0,0.0,0.0,0.0,-1.0,-0.5045010016689301,2.1995456453128077
8,5,0.0,0.0,0.0,1.0,0.0,0.41449999809265137,0.8012972727557465
8,5,0.0,-1.0,0.0,0.0,0.0,-0.32850100262260434,0.8012972727557465
8,5,0.0,0.0,0.0,1.0,0.0,0.25949999690055847,0.8012972727557465
8,5,0.0,1.0,0.0,0.0,0.0,0.6854999959468842,0.8012972727557465
8,6,0.0,0.0,0.0,1.0,0.0,0.41449999809265137,0.0
8,6,0.0,-1.0,0.0,0.0,0.0,-0.32850100262260434,0.0
8,6,0.0,0.0,0.0,1.0,0.0,0.25949999690055847,0.0
8,6,0.0,-1.0,0.0,0.0,0.0,-0.6855009959468842,0.0
8,7,0.0,0.0,0.0,1.0,0.0,0.41449999809265137,4.938465608912642
8,7,0.0,-1.0,0.0,0.0,0.0,-0.32850100262260434,4.938465608912642
8,7,0.0,0.0,0.0,-1.0,0.0,-0.25950099690055844,4.938465608912642
8,7,1.0,0.0,0.0,0.0,0.0,0.3264999985694885,4.938465608912642
8,8,0.0,0.0,0.0,1.0,0.0,0.41449999809265137,1.0767537111088077
8,8,0.0,-1.0,0.0,0.0,0.0,-0.32850100262260434,1.0767537111088077
8,8,0.0,0.0,0.0,-1.0,0.0,-0.25950099690055844,1.0767537111088077
8,8,-1.0,0.0,0.0,0.0,0.0,-0.3265009985694885,1.0767537111088077
8,9,0.0,0.0,0.0,-1.0,0.0,-0.41450099809265134,4.989342848587392
8,9,1.0,0.0,0.0,0.0,0.0,0.43549999594688416,4.989342848587392
8,9,0.0,0.0,0.0,0.0,1.0,0.45749999582767487,4.989342848587392
8,9,1.0,0.0,0.0,0.0,0.0,0.3044999986886978,4.989342848587392
8,10,0.0,0.0,0.0,-1.0,0.0,-0.41450099809265134,2.492550342657336
8,10,1.0,0.0,0.0,0.0,0.0,0.43549999594688416,2.492550342657336
8,10,0.0,0.0,0.0,0.0,1.0,0.45749999582767487,2.492550342657336
8,10,-1.0,0.0,0.0,0.0,0.0,-0.3045009986886978,2.492550342657336
8,11,0.0,0.0,0.0,-1.0,0.0,-0.41450099809265134,5.693395449508179
8,11,1.0,0.0,0.0,0.0,0.0,0.43549999594688416,5.693395449508179
8,11,0.0,0.0,0.0,0.0,-1.0,-0.45750099582767484,5.693395449508179
8,11,0.0,0.0,0.0,1.0,0.0,0.68299999833107,5.693395449508179
8,12,0.0,0.0,0.0,-1.0,0.0,-0.41450099809265134,8.573951656458314
8,12,1.0,0.0,0.0,0.0,0.0,0.43549999594688416,8.573951656458314
8,12,0.0,0.0,0.0,0.0,-1.0,-0.45750099582767484,8.573951656458314
8,12,0.0,0.0,0.0,-1.0,0.0,-0.68300099833107,8.573951656458314
8,13,0.0,0.0,0.0,-1.0,0.0,-0.41450099809265134,2.5773979149236546
8,13,-1.0,0.0,0.0,0.0,0.0,-0.43550099594688413,2.5773979149236546
8,13,0.0,0.0,0.0,1.0,0.0,0.7694999873638153,2.5773979149236546
8,13,1.0,0.0,0.0,0.0,0.0,0.5499999821186066,2.5773979149236546
8,14,0.0,0.0,0.0,-1.0,0.0,-0.41450099809265134,0.5660195018531743
8,14,-1.0,0.0,0.0,0.0,0.0,-0.43550099594688413,0.5660195018531743
8,14,0.0,0.0,0.0,1.0,0.0,0.7694999873638153,0.5660195018531743
8,14,-1.0,0.0,0.0,0.0,0.0,-0.5500009821186066,0.5660195018531743
8,15,0.0,0.0,0.0,-1.0,0.0,-0.41450099809265134,0.3270325775922829
8,15,-1.0,0.0,0.0,0.0,0.0,-0.43550099594688413,0.3270325775922829
8,15,0.0,0.0,0.0,-1.0,0.0,-0.7695009873638153,0.3270325775922829
8,15,0.0,0.0,0.0,0.0,1.0,0.43549999594688416,0.3270325775922829
8,16,0.0,0.0,0.0,-1.0,0.0,-0.41450099809265134,5.450493088758808
8,16,-1.0,0.0,0.0,0.0,0.0,-0.43550099594688413,5.450493088758808
8,16,0.0,0.0,0.0,-1.0,0.0,-0.7695009873638153,5.450493088758808
8,16,0.0,0.0,0.0,0.0,-1.0,-0.43550099594688413,5.450493088758808
9,1,1.0,0.0,0.0,0.0,0.0,0.3595000058412552,1.0716128930593736
9,1,0.0,1.0,0.0,0.0,0.0,0.4794999957084656,1.0716128930593736
9,1,0.0,0.0,1.0,0.0,0.0,0.6739999949932098,1.0716128930593736
9,1,0.0,1.0,0.0,0.0,0.0,0.26999999582767487,1.0716128930593736
9,2,1.0,0.0,0.0,0.0,0.0,0.3595000058412552,3.83813216296745
9,2,0.0,1.0,0.0,0.0,0.0,0.4794999957084656,3.83813216296745
9,2,0.0,0.0,1.0,0.0,0.0,0.6739999949932098,3.83813216296745
9,2,0.0,-1.0,0.0,0.0,0.0,-0.27000099582767484,3.83813216296745
9,3,1.0,0.0,0.0,0.0,0.0,0.3595000058412552,8.827424215128255
9,3,0.0,1.0,0.0,0.0,0.0,0.4794999957084656,8.827424215128255
9,3,0.0,0.0,-1.0,0.0,0.0,-0.6740009949932099,8.827424215128255
9,3,0.0,0.0,1.0,0.0,0.0,0.7120000123977661,8.827424215128255
9,4,1.0,0.0,0.0,0.0,0.0,0.3595000058412552,4.990501897118938
9,4,0.0,1.0,0.0,0.0,0.0,0.4794999957084656,4.990501897118938
9,4,0.0,0.0,-1.0,0.0,0.0,-0.6740009949932099,4.990501897118938
9,4,0.0,0.0,-1.0,0.0,0.0,-0.7120010123977661,4.990501897118938
9,5,1.0,0.0,0.0,0.0,0.0,0.3595000058412552,3.9300208192847506
9,5,0.0,-1.0,0.0,0.0,0.0,-0.47950099570846555,3.9300208192847506
9,5,0.0,1.0,0.0,0.0,0.0,0.703499972820282,3.9300208192847506
9,5,0.0,0.0,0.0,1.0,0.0,0.42000000178813934,3.9300208192847506
9,6,1.0,0.0,0.0,0.0,0.0,0.3595000058412552,7.017754832273071
9,6,0.0,-1.0,0.0,0.0,0.0,-0.47950099570846555,7.017754832273071
9,6,0.0,1.0,0.0,0.0,0.0,0.703499972820282,7.017754832273071
9,6,0.0,0.0,0.0,-1.0,0.0,-0.4200010017881393,7.017754832273071
9,7,1.0,0.0,0.0,0.0,0.0,0.3595000058412552,7.598949127856417
9,7,0.0,-1.0,0.0,0.0,0.0,-0.47950099570846555,7.598949127856417
9,7,0.0,-1.0,0.0,0.0,0.0,-0.703500972820282,7.598949127856417
9,7,1.0,0.0,0.0,0.0,0.0,0.333500012755394,7.598949127856417
9,8,1.0,0.0,0.0,0.0,0.0,0.3595000058412552,10.871531818920161
9,8,0.0,-1.0,0.0,0.0,0.0,-0.47950099570846555,10.871531818920161
9,8,0.0,-1.0,0.0,0.0,0.0,-0.703500972820282,10.871531818920161
9,8,-1.0,0.0,0.0,0.0,0.0,-0.33350101275539396,10.871531818920161
9,9,-1.0,0.0,0.0,0.0,0.0,-0.35950100584125516,0.4803690757837248
9,9,0.0,1.0,0.0,0.0,0.0,0.5164999961853027,0.4803690757837248
9,9,0.0,1.0,0.0,0.0,0.0,0.4324999898672104,0.4803690757837248
9,9,0.0,0.0,1.0,0.0,0.0,0.7830000221729279,0.4803690757837248
9,10,-1.0,0.0,0.0,0.0,0.0,-0.35950100584125516,5.8695358376086855
9,10,0.0,1.0,0.0,0.0,0.0,0.5164999961853027,5.8695358376086855
9,10,0.0,1.0,0.0,0.0,0.0,0.4324999898672104,5.8695358376086855
9,10,0.0,0.0,-1.0,0.0,0.0,-0.7830010221729279,5.8695358376086855
9,11,-1.0,0.0,0.0,0.0,0.0,-0.35950100584125516,0.01597899978369878
9,11,0.0,1.0,0.0,0.0,0.0,0.5164999961853027,0.01597899978369878
9,11,0.0,-1.0,0.0,0.0,0.0,-0.43250098986721036,0.01597899978369878
9,11,0.0,1.0,0.0,0.0,0.0,0.4860000014305115,0.01597899978369878
9,12,-1.0,0.0,0.0,0.0,0.0,-0.35950100584125516,0.24007720503525984
9,12,0.0,1.0,0.0,0.0,0.0,0.5164999961853027,0.24007720503525984
9,12,0.0,-1.0,0.0,0.0,0.0,-0.43250098986721036,0.24007720503525984
9,12,0.0,-1.0,0.0,0.0,0.0,-0.48600100143051145,0.24007720503525984
9,13,-1.0,0.0,0.0,0.0,0.0,-0.35950100584125516,2.2601669951762653
9,13,0.0,-1.0,0.0,0.0,0.0,-0.5165009961853028,2.2601669951762653
9,13,1.0,0.0,0.0,0.0,0.0,0.5334999859333038,2.2601669951762653
9,13,0.0,0.0,1.0,0.0,0.0,0.3974999934434891,2.2601669951762653
9,14,-1.0,0.0,0.0,0.0,0.0,-0.35950100584125516,6.044689741260311
9,14,0.0,-1.0,0.0,0.0,0.0,-0.5165009961853028,6.044689741260311
9,14,1.0,0.0,0.0,0.0,0.0,0.5334999859333038,6.044689741260311
9,14,0.0,0.0,-1.0,0.0,0.0,-0.39750099344348905,6.044689741260311
9,15,-1.0,0.0,0.0,0.0,0.0,-0.35950100584125516,0.6836738001640972
9,15,0.0,-1.0,0.0,0.0,0.0,-0.5165009961853028,0.6836738001640972
9,15,-1.0,0.0,0.0,0.0,0.0,-0.5335009859333039,0.6836738001640972
9,15,0.0,0.0,0.0,1.0,0.0,0.7450000047683716,0.6836738001640972
9,16,-1.0,0.0,0.0,0.0,0.0,-0.35950100584125516,5.0300047044856395
9,16,0.0,-1.0,0.0,0.0,0.0,-0.5165009961853028,5.0300047044856395
9,16,-1.0,0.0,0.0,0.0,0.0,-0.5335009859333039,5.0300047044856395
9,16,0.0,0.0,0.0,-1.0,0.0,-0.7450010047683716,5.0300047044856395
